Price,year,month,day
3.82,1997,1,7
3.8,1997,1,8
3.61,1997,1,9
3.92,1997,1,10
4,1997,1,13
4.01,1997,1,14
4.34,1997,1,15
4.71,1997,1,16
3.91,1997,1,17
3.26,1997,1,20
2.99,1997,1,21
3.05,1997,1,22
2.96,1997,1,23
2.62,1997,1,24
2.98,1997,1,27
3.05,1997,1,28
2.91,1997,1,29
2.86,1997,1,30
2.77,1997,1,31
2.49,1997,2,3
2.59,1997,2,4
2.65,1997,2,5
2.51,1997,2,6
2.39,1997,2,7
2.42,1997,2,10
2.34,1997,2,11
2.42,1997,2,12
2.22,1997,2,13
2.12,1997,2,14
1.84,1997,2,18
1.95,1997,2,19
1.92,1997,2,20
1.92,1997,2,21
1.92,1997,2,24
1.77,1997,2,25
1.81,1997,2,26
1.8,1997,2,27
1.78,1997,2,28
1.8,1997,3,3
1.87,1997,3,4
1.92,1997,3,5
1.82,1997,3,6
1.89,1997,3,7
1.95,1997,3,10
1.92,1997,3,11
1.96,1997,3,12
1.98,1997,3,13
1.97,1997,3,14
2.01,1997,3,17
1.91,1997,3,18
1.88,1997,3,19
1.88,1997,3,20
1.87,1997,3,21
1.8,1997,3,24
1.85,1997,3,25
1.85,1997,3,26
1.84,1997,3,27
1.84,1997,3,31
1.95,1997,4,1
1.85,1997,4,2
1.87,1997,4,3
1.91,1997,4,4
1.99,1997,4,7
2.01,1997,4,8
1.96,1997,4,9
1.97,1997,4,10
1.98,1997,4,11
2,1997,4,14
2,1997,4,15
2.02,1997,4,16
2.08,1997,4,17
2.1,1997,4,18
2.09,1997,4,21
2.1,1997,4,22
2.22,1997,4,23
2.11,1997,4,24
2.16,1997,4,25
2.1,1997,4,28
2.09,1997,4,29
2.16,1997,4,30
2.19,1997,5,1
2.21,1997,5,2
2.23,1997,5,5
2.25,1997,5,6
2.34,1997,5,7
2.33,1997,5,8
2.3,1997,5,9
2.27,1997,5,12
2.18,1997,5,13
2.22,1997,5,14
2.25,1997,5,15
2.19,1997,5,16
2.25,1997,5,19
2.22,1997,5,20
2.21,1997,5,21
2.22,1997,5,22
2.2,1997,5,23
2.29,1997,5,27
2.34,1997,5,28
2.29,1997,5,29
2.23,1997,5,30
2.2,1997,6,2
2.11,1997,6,3
2.19,1997,6,4
2.18,1997,6,5
2.19,1997,6,6
2.19,1997,6,9
2.16,1997,6,10
2.16,1997,6,11
2.14,1997,6,12
2.15,1997,6,13
2.2,1997,6,16
2.2,1997,6,17
2.22,1997,6,18
2.23,1997,6,19
2.25,1997,6,20
2.29,1997,6,23
2.32,1997,6,24
2.32,1997,6,25
2.23,1997,6,26
2.17,1997,6,27
2.17,1997,6,30
2.16,1997,7,1
2.14,1997,7,2
2.11,1997,7,3
2.13,1997,7,7
2.13,1997,7,8
2.16,1997,7,9
2.15,1997,7,10
2.16,1997,7,11
2.18,1997,7,14
2.21,1997,7,15
2.24,1997,7,16
2.29,1997,7,17
2.26,1997,7,18
2.17,1997,7,21
2.18,1997,7,22
2.2,1997,7,23
2.24,1997,7,24
2.22,1997,7,25
2.19,1997,7,28
2.23,1997,7,29
2.19,1997,7,30
2.23,1997,7,31
2.24,1997,8,1
2.26,1997,8,4
2.33,1997,8,5
2.38,1997,8,6
2.5,1997,8,7
2.38,1997,8,8
2.53,1997,8,11
2.56,1997,8,12
2.45,1997,8,13
2.57,1997,8,14
2.53,1997,8,15
2.56,1997,8,18
2.61,1997,8,19
2.62,1997,8,20
2.45,1997,8,21
2.47,1997,8,22
2.53,1997,8,25
2.58,1997,8,26
2.51,1997,8,27
2.57,1997,8,28
2.69,1997,8,29
2.82,1997,9,2
2.86,1997,9,3
2.73,1997,9,4
2.67,1997,9,5
2.67,1997,9,8
2.74,1997,9,9
2.74,1997,9,10
2.78,1997,9,11
2.86,1997,9,12
2.88,1997,9,15
2.83,1997,9,16
2.75,1997,9,17
2.84,1997,9,18
2.94,1997,9,19
2.98,1997,9,22
3.09,1997,9,23
3.03,1997,9,24
3.05,1997,9,25
3.24,1997,9,26
3.09,1997,9,29
2.96,1997,9,30
3.08,1997,10,1
2.97,1997,10,2
2.91,1997,10,3
2.96,1997,10,6
2.81,1997,10,7
2.8,1997,10,8
2.8,1997,10,9
2.78,1997,10,10
2.87,1997,10,13
2.84,1997,10,14
2.84,1997,10,15
2.94,1997,10,16
2.97,1997,10,17
3.05,1997,10,20
3.13,1997,10,21
3.24,1997,10,22
3.34,1997,10,23
3.29,1997,10,24
3.46,1997,10,27
3.61,1997,10,28
3.45,1997,10,29
3.34,1997,10,30
3.22,1997,10,31
3.23,1997,11,3
3.15,1997,11,4
3.18,1997,11,5
3.2,1997,11,6
3.05,1997,11,7
3.2,1997,11,10
3.26,1997,11,11
3.28,1997,11,12
3.27,1997,11,13
3.25,1997,11,14
3.1,1997,11,17
3,1997,11,18
2.97,1997,11,19
2.77,1997,11,20
2.59,1997,11,21
2.63,1997,11,24
2.51,1997,11,25
2.5,1997,11,26
2.52,1997,12,1
2.61,1997,12,2
2.53,1997,12,3
2.48,1997,12,4
2.42,1997,12,5
2.3,1997,12,8
2.35,1997,12,9
2.45,1997,12,10
2.3,1997,12,11
2.3,1997,12,12
2.25,1997,12,15
2.29,1997,12,16
2.38,1997,12,17
2.37,1997,12,18
2.39,1997,12,19
2.36,1997,12,22
2.24,1997,12,23
2.06,1997,12,24
2.18,1997,12,26
2.33,1997,12,29
2.27,1997,12,30
2.27,1997,12,31
2.16,1998,1,2
2.05,1998,1,5
2.16,1998,1,6
2.13,1998,1,7
2.11,1998,1,8
2.09,1998,1,9
2.01,1998,1,12
2.03,1998,1,13
2.05,1998,1,14
2.07,1998,1,15
2.11,1998,1,16
2.12,1998,1,20
2.09,1998,1,21
2.1,1998,1,22
2.14,1998,1,23
2.09,1998,1,26
2.06,1998,1,27
2.09,1998,1,28
2.07,1998,1,29
2.09,1998,1,30
2.23,1998,2,2
2.27,1998,2,3
2.23,1998,2,4
2.31,1998,2,5
2.35,1998,2,6
2.25,1998,2,9
2.18,1998,2,10
2.21,1998,2,11
2.2,1998,2,12
2.22,1998,2,13
2.18,1998,2,17
2.19,1998,2,18
2.22,1998,2,19
2.2,1998,2,20
2.2,1998,2,23
2.19,1998,2,24
2.21,1998,2,25
2.28,1998,2,26
2.23,1998,2,27
2.26,1998,3,2
2.24,1998,3,3
2.19,1998,3,4
2.12,1998,3,5
2.1,1998,3,6
2.17,1998,3,9
2.25,1998,3,10
2.25,1998,3,11
2.23,1998,3,12
2.21,1998,3,13
2.2,1998,3,16
2.2,1998,3,17
2.21,1998,3,18
2.25,1998,3,19
2.28,1998,3,20
2.33,1998,3,23
2.29,1998,3,24
2.33,1998,3,25
2.29,1998,3,26
2.26,1998,3,27
2.32,1998,3,30
2.34,1998,3,31
2.45,1998,4,1
2.43,1998,4,2
2.51,1998,4,3
2.51,1998,4,6
2.51,1998,4,7
2.65,1998,4,8
2.61,1998,4,9
2.52,1998,4,13
2.42,1998,4,14
2.48,1998,4,15
2.48,1998,4,16
2.4,1998,4,17
2.4,1998,4,20
2.46,1998,4,21
2.46,1998,4,22
2.35,1998,4,23
2.31,1998,4,24
2.29,1998,4,27
2.27,1998,4,28
2.29,1998,4,29
2.18,1998,4,30
2.11,1998,5,1
2.1,1998,5,4
2.19,1998,5,5
2.12,1998,5,6
2.16,1998,5,7
2.11,1998,5,8
2.19,1998,5,11
2.23,1998,5,12
2.24,1998,5,13
2.18,1998,5,14
2.18,1998,5,15
2.19,1998,5,18
2.17,1998,5,19
2.18,1998,5,20
2.11,1998,5,21
2.02,1998,5,22
2.1,1998,5,26
2.1,1998,5,27
2.04,1998,5,28
2.1,1998,5,29
2.1,1998,6,1
2.2,1998,6,2
2.13,1998,6,3
2.04,1998,6,4
2.01,1998,6,5
2,1998,6,8
2.01,1998,6,9
1.98,1998,6,10
1.99,1998,6,11
2.01,1998,6,12
2.08,1998,6,15
2.1,1998,6,16
2.05,1998,6,17
2.14,1998,6,18
2.2,1998,6,19
2.35,1998,6,22
2.35,1998,6,23
2.4,1998,6,24
2.39,1998,6,25
2.4,1998,6,26
2.36,1998,6,29
2.39,1998,6,30
2.46,1998,7,1
2.36,1998,7,2
2.38,1998,7,6
2.35,1998,7,7
2.39,1998,7,8
2.38,1998,7,9
2.32,1998,7,10
2.3,1998,7,13
2.23,1998,7,14
2.21,1998,7,15
2.15,1998,7,16
2.15,1998,7,17
2.18,1998,7,20
2.09,1998,7,21
2,1998,7,22
2,1998,7,23
1.97,1998,7,24
2,1998,7,27
1.97,1998,7,28
1.99,1998,7,29
1.95,1998,7,30
1.85,1998,7,31
1.84,1998,8,3
1.9,1998,8,4
1.91,1998,8,5
1.85,1998,8,6
1.82,1998,8,7
1.87,1998,8,10
1.87,1998,8,11
1.85,1998,8,12
1.83,1998,8,13
1.83,1998,8,14
1.93,1998,8,17
1.94,1998,8,18
1.96,1998,8,19
1.9,1998,8,20
1.93,1998,8,21
1.9,1998,8,24
1.89,1998,8,25
1.83,1998,8,26
1.76,1998,8,27
1.66,1998,8,28
1.61,1998,8,31
1.84,1998,9,1
1.72,1998,9,2
1.71,1998,9,3
1.71,1998,9,4
1.81,1998,9,8
1.78,1998,9,9
1.88,1998,9,10
1.86,1998,9,11
1.86,1998,9,14
1.94,1998,9,15
2.15,1998,9,16
2.12,1998,9,17
2.27,1998,9,18
2.18,1998,9,21
2.29,1998,9,22
2.19,1998,9,23
2.17,1998,9,24
2.38,1998,9,25
2.23,1998,9,28
2.06,1998,9,29
2.22,1998,9,30
2.33,1998,10,1
2.14,1998,10,2
2.09,1998,10,5
2.01,1998,10,6
2.05,1998,10,7
2.02,1998,10,8
1.8,1998,10,9
1.75,1998,10,12
1.7,1998,10,13
1.8,1998,10,14
1.75,1998,10,15
1.64,1998,10,16
1.74,1998,10,19
1.95,1998,10,20
2.04,1998,10,21
1.95,1998,10,22
1.84,1998,10,23
1.92,1998,10,26
1.85,1998,10,27
1.7,1998,10,28
2,1998,10,29
2,1998,10,30
1.84,1998,11,2
2.1,1998,11,3
2.11,1998,11,4
2.26,1998,11,5
2.25,1998,11,6
2.28,1998,11,9
2.3,1998,11,10
2.33,1998,11,11
2.21,1998,11,12
2.21,1998,11,13
2.19,1998,11,16
2.12,1998,11,17
2.1,1998,11,18
2.1,1998,11,19
2.07,1998,11,20
2.02,1998,11,23
2.08,1998,11,24
2.13,1998,11,25
1.63,1998,11,30
1.41,1998,12,1
1.4,1998,12,2
1.21,1998,12,3
1.05,1998,12,4
1.44,1998,12,7
1.79,1998,12,8
1.64,1998,12,9
1.59,1998,12,10
1.55,1998,12,11
1.8,1998,12,14
1.86,1998,12,15
1.95,1998,12,16
2.02,1998,12,17
2.02,1998,12,18
2.05,1998,12,21
1.96,1998,12,22
1.88,1998,12,23
1.89,1998,12,24
1.79,1998,12,28
1.82,1998,12,29
1.81,1998,12,30
1.95,1998,12,31
2.1,1999,1,4
2.05,1999,1,5
2.04,1999,1,6
1.91,1999,1,7
1.9,1999,1,8
1.83,1999,1,11
1.82,1999,1,12
1.87,1999,1,13
1.77,1999,1,14
1.78,1999,1,15
1.77,1999,1,19
1.81,1999,1,20
1.85,1999,1,21
1.82,1999,1,22
1.76,1999,1,25
1.73,1999,1,26
1.75,1999,1,27
1.75,1999,1,28
1.83,1999,1,29
1.75,1999,2,1
1.78,1999,2,2
1.8,1999,2,3
1.79,1999,2,4
1.81,1999,2,5
1.81,1999,2,8
1.82,1999,2,9
1.8,1999,2,10
1.78,1999,2,11
1.82,1999,2,12
1.79,1999,2,16
1.79,1999,2,17
1.8,1999,2,18
1.79,1999,2,19
1.77,1999,2,22
1.75,1999,2,23
1.73,1999,2,24
1.64,1999,2,25
1.63,1999,2,26
1.65,1999,3,1
1.67,1999,3,2
1.68,1999,3,3
1.72,1999,3,4
1.74,1999,3,5
1.87,1999,3,8
1.86,1999,3,9
1.94,1999,3,10
1.87,1999,3,11
1.81,1999,3,12
1.75,1999,3,15
1.75,1999,3,16
1.75,1999,3,17
1.75,1999,3,18
1.73,1999,3,19
1.74,1999,3,22
1.8,1999,3,23
1.79,1999,3,24
1.8,1999,3,25
1.83,1999,3,26
1.8,1999,3,29
1.89,1999,3,30
2.02,1999,3,31
1.95,1999,4,1
2.03,1999,4,5
1.98,1999,4,6
2.03,1999,4,7
2.07,1999,4,8
2.1,1999,4,9
2.06,1999,4,12
2.14,1999,4,13
2.11,1999,4,14
2.14,1999,4,15
2.14,1999,4,16
2.1,1999,4,19
2.18,1999,4,20
2.17,1999,4,21
2.24,1999,4,22
2.23,1999,4,23
2.23,1999,4,26
2.32,1999,4,27
2.31,1999,4,28
2.37,1999,4,29
2.25,1999,4,30
2.23,1999,5,3
2.32,1999,5,4
2.36,1999,5,5
2.32,1999,5,6
2.25,1999,5,7
2.25,1999,5,10
2.29,1999,5,11
2.19,1999,5,12
2.21,1999,5,13
2.28,1999,5,14
2.31,1999,5,17
2.3,1999,5,18
2.27,1999,5,19
2.26,1999,5,20
2.21,1999,5,21
2.19,1999,5,24
2.18,1999,5,25
2.22,1999,5,26
2.27,1999,5,27
2.29,1999,5,28
2.34,1999,6,1
2.36,1999,6,2
2.35,1999,6,3
2.31,1999,6,4
2.41,1999,6,7
2.38,1999,6,8
2.39,1999,6,9
2.37,1999,6,10
2.3,1999,6,11
2.29,1999,6,14
2.28,1999,6,15
2.28,1999,6,16
2.24,1999,6,17
2.24,1999,6,18
2.22,1999,6,21
2.23,1999,6,22
2.25,1999,6,23
2.26,1999,6,24
2.27,1999,6,25
2.25,1999,6,28
2.33,1999,6,29
2.34,1999,6,30
2.29,1999,7,1
2.26,1999,7,2
2.29,1999,7,6
2.2,1999,7,7
2.19,1999,7,8
2.17,1999,7,9
2.12,1999,7,12
2.14,1999,7,13
2.16,1999,7,14
2.12,1999,7,15
2.18,1999,7,16
2.2,1999,7,19
2.24,1999,7,20
2.25,1999,7,21
2.32,1999,7,22
2.42,1999,7,23
2.55,1999,7,26
2.55,1999,7,27
2.58,1999,7,28
2.67,1999,7,29
2.55,1999,7,30
2.51,1999,8,2
2.61,1999,8,3
2.64,1999,8,4
2.69,1999,8,5
2.69,1999,8,6
2.73,1999,8,9
2.77,1999,8,10
2.79,1999,8,11
2.73,1999,8,12
2.71,1999,8,13
2.73,1999,8,16
2.7,1999,8,17
2.75,1999,8,18
2.87,1999,8,19
2.97,1999,8,20
2.95,1999,8,23
3.01,1999,8,24
3.1,1999,8,25
2.97,1999,8,26
2.87,1999,8,27
2.85,1999,8,30
2.84,1999,8,31
2.71,1999,9,1
2.56,1999,9,2
2.47,1999,9,3
2.56,1999,9,7
2.66,1999,9,8
2.75,1999,9,9
2.84,1999,9,10
2.8,1999,9,13
2.66,1999,9,14
2.52,1999,9,15
2.47,1999,9,16
2.45,1999,9,17
2.49,1999,9,20
2.33,1999,9,21
2.3,1999,9,22
2.45,1999,9,23
2.54,1999,9,24
2.51,1999,9,27
2.52,1999,9,28
2.57,1999,9,29
2.31,1999,9,30
2.39,1999,10,1
2.49,1999,10,4
2.45,1999,10,5
2.48,1999,10,6
2.49,1999,10,7
2.35,1999,10,8
2.53,1999,10,11
2.65,1999,10,12
2.81,1999,10,13
2.7,1999,10,14
2.66,1999,10,15
2.82,1999,10,18
2.89,1999,10,19
2.9,1999,10,20
2.99,1999,10,21
3,1999,10,22
2.98,1999,10,25
2.96,1999,10,26
3.02,1999,10,27
2.97,1999,10,28
2.76,1999,10,29
2.73,1999,11,1
2.81,1999,11,2
2.82,1999,11,3
2.75,1999,11,4
2.62,1999,11,5
2.59,1999,11,8
2.44,1999,11,9
2.39,1999,11,10
2.38,1999,11,11
2.16,1999,11,12
2.33,1999,11,15
2.23,1999,11,16
2.24,1999,11,17
2.22,1999,11,18
2.16,1999,11,19
2.05,1999,11,22
1.99,1999,11,23
1.96,1999,11,24
2.25,1999,11,29
2.22,1999,11,30
2.17,1999,12,1
2.18,1999,12,2
2.16,1999,12,3
2.19,1999,12,6
2.16,1999,12,7
2.23,1999,12,8
2.2,1999,12,9
2.27,1999,12,10
2.35,1999,12,13
2.49,1999,12,14
2.54,1999,12,15
2.52,1999,12,16
2.55,1999,12,17
2.67,1999,12,20
2.59,1999,12,21
2.45,1999,12,22
2.42,1999,12,23
2.36,1999,12,27
2.32,1999,12,28
2.34,1999,12,29
2.3,1999,12,30
2.16,2000,1,4
2.17,2000,1,5
2.18,2000,1,6
2.19,2000,1,7
2.2,2000,1,10
2.23,2000,1,11
2.25,2000,1,12
2.29,2000,1,13
2.28,2000,1,14
2.35,2000,1,18
2.4,2000,1,19
2.53,2000,1,20
2.55,2000,1,21
2.55,2000,1,24
2.66,2000,1,25
2.73,2000,1,26
2.76,2000,1,27
2.84,2000,1,28
2.69,2000,1,31
2.81,2000,2,1
2.91,2000,2,2
2.85,2000,2,3
2.78,2000,2,4
2.81,2000,2,7
2.6,2000,2,8
2.62,2000,2,9
2.65,2000,2,10
2.65,2000,2,11
2.61,2000,2,14
2.61,2000,2,15
2.65,2000,2,16
2.66,2000,2,17
2.65,2000,2,18
2.55,2000,2,22
2.5,2000,2,23
2.52,2000,2,24
2.51,2000,2,25
2.6,2000,2,28
2.65,2000,2,29
2.71,2000,3,1
2.8,2000,3,2
2.72,2000,3,3
2.76,2000,3,6
2.78,2000,3,7
2.74,2000,3,8
2.69,2000,3,9
2.79,2000,3,13
2.83,2000,3,14
2.76,2000,3,15
2.84,2000,3,16
2.81,2000,3,17
2.73,2000,3,20
2.74,2000,3,21
2.78,2000,3,22
2.76,2000,3,23
2.82,2000,3,24
2.82,2000,3,27
2.94,2000,3,28
2.92,2000,3,29
2.83,2000,3,30
2.88,2000,3,31
2.92,2000,4,3
2.87,2000,4,4
2.86,2000,4,5
2.98,2000,4,6
2.99,2000,4,7
2.97,2000,4,10
2.98,2000,4,11
3.05,2000,4,12
3.05,2000,4,13
3.11,2000,4,14
3.13,2000,4,17
3.12,2000,4,18
3.12,2000,4,19
3.07,2000,4,20
3.12,2000,4,24
3.18,2000,4,25
3.12,2000,4,26
3.06,2000,4,27
3.09,2000,4,28
3.16,2000,5,1
3.2,2000,5,2
3.18,2000,5,3
3.09,2000,5,4
3.11,2000,5,5
3.12,2000,5,8
3.25,2000,5,9
3.2,2000,5,10
3.37,2000,5,11
3.35,2000,5,12
3.37,2000,5,15
3.45,2000,5,16
3.49,2000,5,17
3.73,2000,5,18
3.76,2000,5,19
3.95,2000,5,22
3.85,2000,5,23
3.94,2000,5,24
4.18,2000,5,25
4.29,2000,5,26
4.35,2000,5,30
4.52,2000,5,31
4.39,2000,6,1
4.21,2000,6,2
4.17,2000,6,5
4.48,2000,6,6
4.23,2000,6,7
3.96,2000,6,8
4.14,2000,6,9
4.22,2000,6,12
4.27,2000,6,13
4.16,2000,6,14
4.38,2000,6,15
4.45,2000,6,16
4.38,2000,6,19
4.02,2000,6,20
4.14,2000,6,21
4.44,2000,6,22
4.42,2000,6,23
4.37,2000,6,26
4.55,2000,6,27
4.44,2000,6,28
4.25,2000,6,29
4.36,2000,6,30
4.36,2000,7,3
4.24,2000,7,5
4.02,2000,7,6
4,2000,7,7
4.19,2000,7,10
4.17,2000,7,11
4.29,2000,7,12
4.08,2000,7,13
4.17,2000,7,14
4.13,2000,7,17
3.99,2000,7,18
4.07,2000,7,19
3.86,2000,7,20
3.88,2000,7,21
3.74,2000,7,24
3.63,2000,7,25
3.59,2000,7,26
3.75,2000,7,27
3.89,2000,7,28
3.75,2000,7,31
3.78,2000,8,1
4.05,2000,8,2
4.23,2000,8,3
4.25,2000,8,4
4.39,2000,8,7
4.46,2000,8,8
4.48,2000,8,9
4.43,2000,8,10
4.44,2000,8,11
4.42,2000,8,14
4.24,2000,8,15
4.24,2000,8,16
4.35,2000,8,17
4.38,2000,8,18
4.6,2000,8,21
4.8,2000,8,22
4.67,2000,8,23
4.53,2000,8,24
4.55,2000,8,25
4.62,2000,8,28
4.6,2000,8,29
4.61,2000,8,30
4.76,2000,8,31
4.7,2000,9,1
4.81,2000,9,5
4.89,2000,9,6
4.85,2000,9,7
4.74,2000,9,8
4.85,2000,9,11
4.96,2000,9,12
5.06,2000,9,13
5.1,2000,9,14
5.28,2000,9,15
5.06,2000,9,18
5.22,2000,9,19
5.24,2000,9,20
5.16,2000,9,21
5.16,2000,9,22
5.12,2000,9,25
5.28,2000,9,26
5.34,2000,9,27
5.2,2000,9,28
5.1,2000,9,29
5.24,2000,10,2
5.29,2000,10,3
5.22,2000,10,4
5.21,2000,10,5
5.04,2000,10,6
5.09,2000,10,9
5.16,2000,10,10
5.1,2000,10,11
5.54,2000,10,12
5.43,2000,10,13
5.34,2000,10,16
5.27,2000,10,17
5.36,2000,10,18
5.04,2000,10,19
4.84,2000,10,20
4.82,2000,10,23
4.84,2000,10,24
4.64,2000,10,25
4.61,2000,10,26
4.48,2000,10,27
4.56,2000,10,30
4.37,2000,10,31
4.4,2000,11,1
4.5,2000,11,2
4.64,2000,11,3
4.6,2000,11,6
4.68,2000,11,7
4.92,2000,11,8
5.34,2000,11,9
5.24,2000,11,10
5.59,2000,11,13
5.81,2000,11,14
5.95,2000,11,15
5.94,2000,11,16
5.62,2000,11,17
6.23,2000,11,20
6.35,2000,11,21
6.3,2000,11,22
6.24,2000,11,27
5.9,2000,11,28
5.93,2000,11,29
6.31,2000,11,30
6.53,2000,12,1
7.41,2000,12,4
8.03,2000,12,5
8.75,2000,12,6
8.48,2000,12,7
8.13,2000,12,8
9.96,2000,12,11
8.58,2000,12,12
7.8,2000,12,13
7.48,2000,12,14
8.03,2000,12,15
9.28,2000,12,18
9.11,2000,12,19
9.95,2000,12,20
10.49,2000,12,21
10.48,2000,12,22
10.23,2000,12,26
9.58,2000,12,27
9.22,2000,12,28
10.48,2000,12,29
9.97,2001,1,2
9.71,2001,1,3
9.45,2001,1,4
10.03,2001,1,5
10.31,2001,1,8
9.95,2001,1,9
9.91,2001,1,10
8.95,2001,1,11
8.75,2001,1,12
8.16,2001,1,16
7.85,2001,1,17
7.09,2001,1,18
7.61,2001,1,19
7.7,2001,1,22
7.02,2001,1,23
6.81,2001,1,24
6.81,2001,1,25
7,2001,1,26
6.76,2001,1,29
5.96,2001,1,30
5.83,2001,1,31
5.82,2001,2,1
6.76,2001,2,2
6.15,2001,2,5
5.59,2001,2,6
5.67,2001,2,7
6.24,2001,2,8
6.24,2001,2,9
5.74,2001,2,12
5.58,2001,2,13
5.89,2001,2,14
5.35,2001,2,15
5.57,2001,2,16
5.17,2001,2,20
5.2,2001,2,21
5.11,2001,2,22
5.05,2001,2,23
5.07,2001,2,26
5.07,2001,2,27
5.25,2001,2,28
5.25,2001,3,1
5.06,2001,3,2
5.32,2001,3,5
5.27,2001,3,6
5.22,2001,3,7
5.25,2001,3,8
5.13,2001,3,9
4.98,2001,3,12
5.08,2001,3,13
4.99,2001,3,14
5.27,2001,3,15
5.27,2001,3,16
5.27,2001,3,19
5.27,2001,3,20
5.16,2001,3,21
5.16,2001,3,22
5.16,2001,3,23
5.23,2001,3,26
5.47,2001,3,27
5.6,2001,3,28
5.31,2001,3,29
5.35,2001,3,30
5.25,2001,4,2
5.25,2001,4,3
5.24,2001,4,4
5.27,2001,4,5
5.33,2001,4,6
5.45,2001,4,9
5.55,2001,4,10
5.45,2001,4,11
5.32,2001,4,12
5.48,2001,4,16
5.36,2001,4,17
5.15,2001,4,18
5.06,2001,4,19
5,2001,4,20
5.09,2001,4,23
5.13,2001,4,24
4.98,2001,4,25
4.92,2001,4,26
4.83,2001,4,27
4.73,2001,4,30
4.55,2001,5,1
4.54,2001,5,2
4.46,2001,5,3
4.5,2001,5,4
4.33,2001,5,7
4.22,2001,5,8
4.15,2001,5,9
4.17,2001,5,10
4.25,2001,5,11
4.28,2001,5,14
4.46,2001,5,15
4.46,2001,5,16
4.2,2001,5,17
4.15,2001,5,18
4.14,2001,5,21
4.04,2001,5,22
4.11,2001,5,23
4.12,2001,5,24
3.83,2001,5,25
3.86,2001,5,29
3.66,2001,5,30
3.73,2001,5,31
3.7,2001,6,1
3.98,2001,6,4
3.93,2001,6,5
3.76,2001,6,6
3.68,2001,6,7
3.62,2001,6,8
3.91,2001,6,11
4.05,2001,6,12
4.13,2001,6,13
3.92,2001,6,14
3.86,2001,6,15
3.91,2001,6,18
3.96,2001,6,19
3.83,2001,6,20
3.69,2001,6,21
3.68,2001,6,22
3.56,2001,6,25
3.46,2001,6,26
3.39,2001,6,27
3.2,2001,6,28
2.91,2001,6,29
2.92,2001,7,2
3,2001,7,3
3.09,2001,7,5
2.99,2001,7,6
3.1,2001,7,9
3.2,2001,7,10
3.21,2001,7,11
3.29,2001,7,12
3.15,2001,7,13
3.08,2001,7,16
3.14,2001,7,17
3.15,2001,7,18
3.01,2001,7,19
2.97,2001,7,20
3.02,2001,7,23
3,2001,7,24
3.06,2001,7,25
3.26,2001,7,26
3.06,2001,7,27
3.28,2001,7,30
3.31,2001,7,31
3.27,2001,8,1
3.15,2001,8,2
3.06,2001,8,3
3.07,2001,8,6
3.16,2001,8,7
3.11,2001,8,8
3.1,2001,8,9
2.99,2001,8,10
3,2001,8,13
3.05,2001,8,14
3.15,2001,8,15
3.46,2001,8,16
3.24,2001,8,17
3.17,2001,8,20
3.18,2001,8,21
3.2,2001,8,22
2.87,2001,8,23
2.77,2001,8,24
2.61,2001,8,27
2.57,2001,8,28
2.46,2001,8,29
2.47,2001,8,30
2.15,2001,8,31
2.23,2001,9,4
2.34,2001,9,5
2.43,2001,9,6
2.36,2001,9,7
2.38,2001,9,10
2.38,2001,9,11
2.44,2001,9,12
2.39,2001,9,13
2.41,2001,9,14
2.36,2001,9,17
2.18,2001,9,18
2.13,2001,9,19
2.06,2001,9,20
2.04,2001,9,21
1.99,2001,9,24
1.94,2001,9,25
1.88,2001,9,26
1.9,2001,9,27
1.8,2001,9,28
1.74,2001,10,1
1.83,2001,10,2
1.97,2001,10,3
2.13,2001,10,4
2.11,2001,10,5
2.02,2001,10,8
2.11,2001,10,9
2.22,2001,10,10
2.41,2001,10,11
2.28,2001,10,12
2.26,2001,10,15
2.51,2001,10,16
2.61,2001,10,17
2.39,2001,10,18
2.31,2001,10,19
2.61,2001,10,22
2.82,2001,10,23
2.67,2001,10,24
3.15,2001,10,25
3.06,2001,10,26
3.21,2001,10,29
3.11,2001,10,30
3.07,2001,10,31
2.99,2001,11,1
2.93,2001,11,2
2.87,2001,11,5
2.72,2001,11,6
2.73,2001,11,7
2.68,2001,11,8
2.61,2001,11,9
2.45,2001,11,12
2.38,2001,11,13
2.29,2001,11,14
1.99,2001,11,15
1.69,2001,11,16
2.08,2001,11,19
2.55,2001,11,20
1.91,2001,11,21
1.79,2001,11,26
1.87,2001,11,27
2.3,2001,11,28
2.19,2001,11,29
1.83,2001,11,30
2.1,2001,12,3
2,2001,12,4
1.89,2001,12,5
1.81,2001,12,6
2.11,2001,12,7
2.28,2001,12,10
2.58,2001,12,11
2.57,2001,12,12
2.4,2001,12,13
2.4,2001,12,14
2.4,2001,12,17
2.4,2001,12,18
2.4,2001,12,19
2.4,2001,12,20
2.4,2001,12,21
2.4,2001,12,26
2.4,2001,12,27
2.4,2001,12,28
2.4,2001,12,31
2.55,2002,1,2
2.58,2002,1,3
2.58,2002,1,4
2.58,2002,1,7
2.39,2002,1,8
2.31,2002,1,9
2.32,2002,1,10
2.32,2002,1,11
2.32,2002,1,14
2.32,2002,1,15
2.38,2002,1,16
2.4,2002,1,17
2.28,2002,1,18
2.28,2002,1,22
2.28,2002,1,23
2.13,2002,1,24
2.03,2002,1,25
2.03,2002,1,28
2.03,2002,1,29
2.28,2002,1,30
2.28,2002,1,31
2.28,2002,2,1
2.28,2002,2,4
2.28,2002,2,5
2.14,2002,2,6
2.17,2002,2,7
2.21,2002,2,8
2.22,2002,2,11
2.39,2002,2,12
2.37,2002,2,13
2.26,2002,2,14
2.18,2002,2,15
2.32,2002,2,19
2.41,2002,2,20
2.4,2002,2,21
2.4,2002,2,22
2.4,2002,2,25
2.46,2002,2,26
2.49,2002,2,27
2.49,2002,2,28
2.51,2002,3,1
2.66,2002,3,4
2.63,2002,3,5
2.52,2002,3,6
2.73,2002,3,7
2.82,2002,3,8
2.9,2002,3,11
2.94,2002,3,12
2.97,2002,3,13
2.78,2002,3,14
2.99,2002,3,15
3.15,2002,3,18
3.33,2002,3,19
3.29,2002,3,20
3.2,2002,3,21
3.57,2002,3,22
3.46,2002,3,25
3.59,2002,3,26
3.35,2002,3,27
3.18,2002,3,28
3.43,2002,4,1
3.72,2002,4,2
3.68,2002,4,3
3.56,2002,4,4
3.31,2002,4,5
3.36,2002,4,8
3.25,2002,4,9
3.25,2002,4,10
3.14,2002,4,11
3.07,2002,4,12
3.27,2002,4,15
3.44,2002,4,16
3.4,2002,4,17
3.5,2002,4,18
3.4,2002,4,19
3.58,2002,4,22
3.63,2002,4,23
3.53,2002,4,24
3.46,2002,4,25
3.32,2002,4,26
3.44,2002,4,29
3.65,2002,4,30
3.79,2002,5,1
3.65,2002,5,2
3.71,2002,5,3
3.61,2002,5,6
3.5,2002,5,7
3.74,2002,5,8
3.72,2002,5,9
3.7,2002,5,10
3.62,2002,5,13
3.75,2002,5,14
3.6,2002,5,15
3.45,2002,5,16
3.41,2002,5,17
3.44,2002,5,20
3.33,2002,5,21
3.39,2002,5,22
3.38,2002,5,23
3.21,2002,5,24
3.18,2002,5,28
3.3,2002,5,29
3.33,2002,5,30
3.15,2002,5,31
3.18,2002,6,3
3.31,2002,6,4
3.29,2002,6,5
3.29,2002,6,6
3.11,2002,6,7
3.14,2002,6,10
3.11,2002,6,11
3.15,2002,6,12
3.04,2002,6,13
3.13,2002,6,14
3.34,2002,6,17
3.23,2002,6,18
3.24,2002,6,19
3.33,2002,6,20
3.18,2002,6,21
3.33,2002,6,24
3.49,2002,6,25
3.92,2002,6,26
3.22,2002,6,27
3.2,2002,6,28
3.28,2002,7,1
3.17,2002,7,2
3.08,2002,7,3
3.06,2002,7,8
2.97,2002,7,9
3.04,2002,7,10
2.85,2002,7,11
2.87,2002,7,12
2.83,2002,7,15
2.89,2002,7,16
2.97,2002,7,17
2.85,2002,7,18
2.95,2002,7,19
3.01,2002,7,22
2.95,2002,7,23
2.91,2002,7,24
3.05,2002,7,25
2.94,2002,7,26
3.07,2002,7,29
2.97,2002,7,30
3.02,2002,7,31
3.07,2002,8,1
2.9,2002,8,2
2.81,2002,8,5
2.8,2002,8,6
2.73,2002,8,7
2.75,2002,8,8
2.83,2002,8,9
2.91,2002,8,12
3.01,2002,8,13
3.03,2002,8,14
2.92,2002,8,15
3.1,2002,8,16
3.1,2002,8,19
3.25,2002,8,20
3.22,2002,8,21
3.36,2002,8,22
3.48,2002,8,23
3.51,2002,8,26
3.47,2002,8,27
3.31,2002,8,28
3.25,2002,8,29
3.12,2002,8,30
3.1,2002,9,3
3.13,2002,9,4
3.2,2002,9,5
3.39,2002,9,6
3.24,2002,9,9
3.35,2002,9,10
3.33,2002,9,11
3.22,2002,9,12
3.37,2002,9,13
3.45,2002,9,16
3.46,2002,9,17
3.8,2002,9,18
3.9,2002,9,19
3.95,2002,9,20
3.87,2002,9,23
4,2002,9,24
3.76,2002,9,25
3.61,2002,9,26
3.76,2002,9,27
4.09,2002,9,30
4.41,2002,10,1
4.27,2002,10,2
4.23,2002,10,3
3.86,2002,10,4
3.77,2002,10,7
3.86,2002,10,8
3.91,2002,10,9
3.93,2002,10,10
3.8,2002,10,11
4.19,2002,10,14
4.19,2002,10,15
4.1,2002,10,16
4.1,2002,10,17
4.11,2002,10,18
4.23,2002,10,21
4.2,2002,10,22
4.24,2002,10,23
4.3,2002,10,24
4.12,2002,10,25
4.16,2002,10,28
4.2,2002,10,29
4.34,2002,10,30
4.39,2002,10,31
4.07,2002,11,1
3.94,2002,11,4
3.9,2002,11,5
3.92,2002,11,6
3.9,2002,11,7
3.76,2002,11,8
3.83,2002,11,11
3.83,2002,11,12
3.83,2002,11,13
3.9,2002,11,14
3.92,2002,11,15
4.18,2002,11,18
4.25,2002,11,19
4.27,2002,11,20
4.24,2002,11,21
4.32,2002,11,22
4.34,2002,11,25
4.23,2002,11,26
4.19,2002,11,27
4.23,2002,12,2
4.35,2002,12,3
4.24,2002,12,4
4.35,2002,12,5
4.39,2002,12,6
4.32,2002,12,9
4.4,2002,12,10
4.63,2002,12,11
4.81,2002,12,12
5.05,2002,12,13
5.31,2002,12,16
5.13,2002,12,17
4.98,2002,12,18
5.14,2002,12,19
5.05,2002,12,20
5.03,2002,12,23
5.03,2002,12,24
4.98,2002,12,26
4.81,2002,12,27
4.74,2002,12,30
4.59,2002,12,31
4.93,2003,1,2
5.13,2003,1,3
4.94,2003,1,6
4.89,2003,1,7
5.07,2003,1,8
5.05,2003,1,9
5.19,2003,1,10
5.23,2003,1,13
5.25,2003,1,14
5.21,2003,1,15
5.5,2003,1,16
5.66,2003,1,17
5.47,2003,1,21
5.72,2003,1,22
6.55,2003,1,23
5.91,2003,1,24
5.91,2003,1,27
5.52,2003,1,28
5.61,2003,1,29
5.76,2003,1,30
5.58,2003,1,31
5.71,2003,2,3
6.26,2003,2,4
6.22,2003,2,5
6.08,2003,2,6
6.3,2003,2,7
6.35,2003,2,10
6.19,2003,2,11
6.19,2003,2,12
5.81,2003,2,13
5.88,2003,2,14
6.09,2003,2,18
6.1,2003,2,19
6.38,2003,2,20
6.73,2003,2,21
11.98,2003,2,24
18.48,2003,2,25
10.47,2003,2,26
8.42,2003,2,27
10.81,2003,2,28
8.51,2003,3,3
7.71,2003,3,4
7.8,2003,3,5
7.57,2003,3,6
7.42,2003,3,7
6.78,2003,3,10
6.25,2003,3,11
5.8,2003,3,12
5.71,2003,3,13
5.17,2003,3,14
5.32,2003,3,17
5.13,2003,3,18
5.2,2003,3,19
5.2,2003,3,20
5.05,2003,3,21
5.07,2003,3,24
5.07,2003,3,25
4.9,2003,3,26
4.87,2003,3,27
5.06,2003,3,28
5.01,2003,3,31
4.9,2003,4,1
4.89,2003,4,2
4.91,2003,4,3
4.86,2003,4,4
4.98,2003,4,7
5.21,2003,4,8
5.11,2003,4,9
5.18,2003,4,10
5.28,2003,4,11
5.29,2003,4,14
5.53,2003,4,15
5.62,2003,4,16
5.54,2003,4,17
5.55,2003,4,21
5.58,2003,4,22
5.58,2003,4,23
5.46,2003,4,24
5.39,2003,4,25
5.3,2003,4,28
5.12,2003,4,29
5.25,2003,4,30
5.32,2003,5,1
5.24,2003,5,2
5.36,2003,5,5
5.64,2003,5,6
5.49,2003,5,7
5.65,2003,5,8
5.73,2003,5,9
5.91,2003,5,12
5.98,2003,5,13
6.17,2003,5,14
6.24,2003,5,15
5.96,2003,5,16
6.08,2003,5,19
5.93,2003,5,20
6.08,2003,5,21
6.09,2003,5,22
5.92,2003,5,23
5.84,2003,5,27
5.71,2003,5,28
5.76,2003,5,29
5.99,2003,5,30
6.22,2003,6,2
6.25,2003,6,3
6.4,2003,6,4
6.17,2003,6,5
6.25,2003,6,6
6.25,2003,6,9
6.08,2003,6,10
6.06,2003,6,11
5.86,2003,6,12
5.44,2003,6,13
5.45,2003,6,16
5.66,2003,6,17
5.53,2003,6,18
5.53,2003,6,19
5.68,2003,6,20
5.89,2003,6,23
5.84,2003,6,24
5.64,2003,6,25
5.49,2003,6,26
5.19,2003,6,27
5.31,2003,6,30
5.22,2003,7,1
5.05,2003,7,2
4.96,2003,7,3
5.2,2003,7,7
5.4,2003,7,8
5.56,2003,7,9
5.4,2003,7,10
5.22,2003,7,11
5.15,2003,7,14
5.17,2003,7,15
5,2003,7,16
4.96,2003,7,17
5.01,2003,7,18
5.11,2003,7,21
5.04,2003,7,22
4.88,2003,7,23
4.86,2003,7,24
4.68,2003,7,25
4.68,2003,7,28
4.72,2003,7,29
4.68,2003,7,30
4.63,2003,7,31
4.71,2003,8,1
4.81,2003,8,4
4.71,2003,8,5
4.74,2003,8,6
4.85,2003,8,7
5.02,2003,8,8
5.08,2003,8,11
5.06,2003,8,12
5.17,2003,8,13
5.1,2003,8,14
4.83,2003,8,15
4.94,2003,8,18
4.99,2003,8,19
5.03,2003,8,20
5.14,2003,8,21
5.24,2003,8,22
5.26,2003,8,25
5.09,2003,8,26
5.11,2003,8,27
4.94,2003,8,28
4.86,2003,8,29
4.62,2003,9,2
4.68,2003,9,3
4.7,2003,9,4
4.76,2003,9,5
4.82,2003,9,8
4.7,2003,9,9
4.78,2003,9,10
4.85,2003,9,11
4.66,2003,9,12
4.66,2003,9,15
4.67,2003,9,16
4.61,2003,9,17
4.52,2003,9,18
4.33,2003,9,19
4.38,2003,9,22
4.51,2003,9,23
4.58,2003,9,24
4.55,2003,9,25
4.42,2003,9,26
4.57,2003,9,29
4.66,2003,9,30
4.47,2003,10,1
4.42,2003,10,2
4.34,2003,10,3
4.4,2003,10,6
4.66,2003,10,7
4.84,2003,10,8
4.78,2003,10,9
4.92,2003,10,10
4.96,2003,10,13
4.84,2003,10,14
4.93,2003,10,15
4.92,2003,10,16
4.53,2003,10,17
4.3,2003,10,20
4.64,2003,10,21
4.89,2003,10,22
4.9,2003,10,23
4.78,2003,10,24
4.56,2003,10,27
4.45,2003,10,28
4.51,2003,10,29
4.4,2003,10,30
3.98,2003,10,31
4.12,2003,11,3
4.01,2003,11,4
4.46,2003,11,5
4.74,2003,11,6
4.48,2003,11,7
4.42,2003,11,10
4.52,2003,11,11
4.77,2003,11,12
4.6,2003,11,13
4.62,2003,11,14
4.49,2003,11,17
4.35,2003,11,18
4.46,2003,11,19
4.35,2003,11,20
4.15,2003,11,21
4.57,2003,11,24
4.49,2003,11,25
4.86,2003,11,26
5.02,2003,12,1
5.45,2003,12,2
5.45,2003,12,3
5.7,2003,12,4
6.27,2003,12,5
6.06,2003,12,8
6.52,2003,12,9
6.67,2003,12,10
6.56,2003,12,11
6.73,2003,12,12
6.63,2003,12,15
6.58,2003,12,16
6.56,2003,12,17
6.98,2003,12,18
6.92,2003,12,19
6.32,2003,12,22
5.58,2003,12,23
5.5,2003,12,24
5.46,2003,12,29
5.96,2003,12,30
5.76,2003,12,31
6.28,2004,1,5
7.04,2004,1,6
6.61,2004,1,7
6.41,2004,1,8
6.91,2004,1,9
6.29,2004,1,12
6.26,2004,1,13
5.73,2004,1,14
6.02,2004,1,15
5.43,2004,1,16
6.15,2004,1,20
6.26,2004,1,21
6.03,2004,1,22
5.82,2004,1,23
5.7,2004,1,26
5.87,2004,1,27
6.04,2004,1,28
5.99,2004,1,29
5.8,2004,1,30
5.51,2004,2,2
5.69,2004,2,3
5.74,2004,2,4
5.54,2004,2,5
5.38,2004,2,6
5.44,2004,2,9
5.49,2004,2,10
5.34,2004,2,11
5.35,2004,2,12
5.62,2004,2,13
5.43,2004,2,17
5.33,2004,2,18
5.28,2004,2,19
5.19,2004,2,20
5.1,2004,2,23
5.08,2004,2,24
5.1,2004,2,25
5.13,2004,2,26
5.27,2004,2,27
5.17,2004,3,1
5.37,2004,3,2
5.34,2004,3,3
5.17,2004,3,4
5.32,2004,3,5
5.42,2004,3,8
5.34,2004,3,9
5.33,2004,3,10
5.33,2004,3,11
5.52,2004,3,12
5.59,2004,3,15
5.6,2004,3,16
5.61,2004,3,17
5.63,2004,3,18
5.49,2004,3,19
5.46,2004,3,22
5.36,2004,3,23
5.35,2004,3,24
5.22,2004,3,25
5.16,2004,3,26
5.25,2004,3,29
5.4,2004,3,30
5.63,2004,3,31
5.82,2004,4,1
5.69,2004,4,2
5.81,2004,4,5
5.7,2004,4,6
5.76,2004,4,7
5.84,2004,4,8
5.85,2004,4,12
5.92,2004,4,13
5.73,2004,4,14
5.68,2004,4,15
5.62,2004,4,16
5.57,2004,4,19
5.46,2004,4,20
5.52,2004,4,21
5.59,2004,4,22
5.53,2004,4,23
5.6,2004,4,26
5.81,2004,4,27
5.8,2004,4,28
5.78,2004,4,29
5.81,2004,4,30
5.8,2004,5,3
6.21,2004,5,4
6.09,2004,5,5
6.22,2004,5,6
6.18,2004,5,7
6.14,2004,5,10
6.24,2004,5,11
6.41,2004,5,12
6.42,2004,5,13
6.43,2004,5,14
6.41,2004,5,17
6.28,2004,5,18
6.18,2004,5,19
6.44,2004,5,20
6.35,2004,5,21
6.48,2004,5,24
6.73,2004,5,25
6.7,2004,5,26
6.51,2004,5,27
6.45,2004,5,28
6.45,2004,6,1
6.51,2004,6,2
6.44,2004,6,3
6.15,2004,6,4
6.09,2004,6,7
6.19,2004,6,8
6.04,2004,6,9
6,2004,6,10
6.15,2004,6,14
6.35,2004,6,15
6.38,2004,6,16
6.57,2004,6,17
6.48,2004,6,18
6.42,2004,6,21
6.29,2004,6,22
6.3,2004,6,23
6.41,2004,6,24
6.28,2004,6,25
6.13,2004,6,28
6.02,2004,6,29
6.03,2004,6,30
5.95,2004,7,1
5.88,2004,7,2
6.16,2004,7,6
6.27,2004,7,7
6.19,2004,7,8
5.89,2004,7,9
5.95,2004,7,12
5.85,2004,7,13
5.91,2004,7,14
5.92,2004,7,15
5.77,2004,7,16
5.75,2004,7,19
5.8,2004,7,20
5.9,2004,7,21
5.85,2004,7,22
5.98,2004,7,23
5.94,2004,7,26
5.87,2004,7,27
5.77,2004,7,28
5.93,2004,7,29
6.03,2004,7,30
5.86,2004,8,2
5.77,2004,8,3
5.7,2004,8,4
5.54,2004,8,5
5.42,2004,8,6
5.58,2004,8,9
5.78,2004,8,10
5.64,2004,8,11
5.46,2004,8,12
5.27,2004,8,13
5.34,2004,8,16
5.27,2004,8,17
5.36,2004,8,18
5.34,2004,8,19
5.39,2004,8,20
5.34,2004,8,23
5.23,2004,8,24
5.32,2004,8,25
5.19,2004,8,26
5.05,2004,8,27
5.05,2004,8,30
5.04,2004,8,31
5.02,2004,9,1
4.75,2004,9,2
4.32,2004,9,3
4.41,2004,9,7
4.69,2004,9,8
4.57,2004,9,9
4.57,2004,9,10
5.12,2004,9,13
5.15,2004,9,14
5.17,2004,9,15
4.82,2004,9,16
4.95,2004,9,17
5.22,2004,9,20
5.43,2004,9,21
5.58,2004,9,22
5.58,2004,9,23
5.41,2004,9,24
5.22,2004,9,27
5.45,2004,9,28
6.26,2004,9,29
6.36,2004,9,30
5.38,2004,10,1
5.72,2004,10,4
6.07,2004,10,5
6,2004,10,6
6.24,2004,10,7
5.59,2004,10,8
5.63,2004,10,11
5.63,2004,10,12
5.38,2004,10,13
5.76,2004,10,14
5.64,2004,10,15
5.64,2004,10,18
6.13,2004,10,19
7.27,2004,10,20
7.35,2004,10,21
7.11,2004,10,22
7.75,2004,10,25
7.78,2004,10,26
8.12,2004,10,27
6.8,2004,10,28
6.43,2004,10,29
6.98,2004,11,1
6.88,2004,11,2
7.25,2004,11,3
7.4,2004,11,4
6.08,2004,11,5
6.62,2004,11,8
5.79,2004,11,9
6.12,2004,11,10
6.19,2004,11,11
5.9,2004,11,12
6.02,2004,11,15
6.57,2004,11,16
6.06,2004,11,17
5.59,2004,11,18
4.81,2004,11,19
5.24,2004,11,22
5.24,2004,11,23
5.01,2004,11,24
6.76,2004,11,29
6.79,2004,11,30
6.78,2004,12,1
6.69,2004,12,2
6.04,2004,12,3
6.05,2004,12,6
6.03,2004,12,7
5.98,2004,12,8
6.04,2004,12,9
6.29,2004,12,10
6.89,2004,12,13
7.1,2004,12,14
7.04,2004,12,15
6.88,2004,12,16
7.26,2004,12,17
7.14,2004,12,20
6.83,2004,12,21
7.05,2004,12,22
6.98,2004,12,23
6.57,2004,12,27
6.27,2004,12,28
6.18,2004,12,29
6.02,2004,12,30
5.53,2005,1,3
5.71,2005,1,4
5.84,2005,1,5
5.79,2005,1,6
5.82,2005,1,7
6.21,2005,1,10
5.96,2005,1,11
5.89,2005,1,12
6.06,2005,1,13
6.45,2005,1,14
6.69,2005,1,18
6.19,2005,1,19
6.27,2005,1,20
6.43,2005,1,21
6.41,2005,1,24
6.44,2005,1,25
6.44,2005,1,26
6.5,2005,1,27
6.23,2005,1,28
6.14,2005,1,31
6.28,2005,2,1
6.38,2005,2,2
6.32,2005,2,3
6.12,2005,2,4
6.02,2005,2,7
5.95,2005,2,8
6.2,2005,2,9
6.21,2005,2,10
6.02,2005,2,11
5.95,2005,2,14
6.01,2005,2,15
6.1,2005,2,16
6.05,2005,2,17
5.88,2005,2,18
5.92,2005,2,22
6.02,2005,2,23
6.33,2005,2,24
6.24,2005,2,25
6.62,2005,2,28
6.63,2005,3,1
6.61,2005,3,2
6.71,2005,3,3
6.51,2005,3,4
6.66,2005,3,7
6.81,2005,3,8
6.99,2005,3,9
6.91,2005,3,10
6.73,2005,3,11
6.86,2005,3,14
7.16,2005,3,15
7.08,2005,3,16
7.25,2005,3,17
7.12,2005,3,18
7.16,2005,3,21
7.24,2005,3,22
7.11,2005,3,23
7.07,2005,3,24
6.94,2005,3,28
6.93,2005,3,29
7.18,2005,3,30
7.46,2005,3,31
7.57,2005,4,1
7.8,2005,4,4
7.44,2005,4,5
7.46,2005,4,6
7.5,2005,4,7
7.26,2005,4,8
7.17,2005,4,11
7.34,2005,4,12
7.07,2005,4,13
7.02,2005,4,14
6.95,2005,4,15
6.95,2005,4,18
6.95,2005,4,19
7.1,2005,4,20
6.93,2005,4,21
7.06,2005,4,22
7.27,2005,4,25
7.08,2005,4,26
7.1,2005,4,27
6.67,2005,4,28
6.64,2005,4,29
6.5,2005,5,2
6.61,2005,5,3
6.49,2005,5,4
6.65,2005,5,5
6.67,2005,5,6
6.56,2005,5,9
6.67,2005,5,10
6.63,2005,5,11
6.62,2005,5,12
6.47,2005,5,13
6.45,2005,5,16
6.41,2005,5,17
6.5,2005,5,18
6.39,2005,5,19
6.36,2005,5,20
6.33,2005,5,23
6.45,2005,5,24
6.33,2005,5,25
6.3,2005,5,26
6.22,2005,5,27
6.31,2005,5,31
6.36,2005,6,1
6.63,2005,6,2
6.65,2005,6,3
7.05,2005,6,6
7.13,2005,6,7
7.22,2005,6,8
7.05,2005,6,9
7.09,2005,6,10
7.08,2005,6,13
7.32,2005,6,14
7.39,2005,6,15
7.41,2005,6,16
7.61,2005,6,17
7.8,2005,6,20
7.46,2005,6,21
7.39,2005,6,22
7.51,2005,6,23
7.45,2005,6,24
7.29,2005,6,27
7.04,2005,6,28
7.08,2005,6,29
7.01,2005,6,30
7.01,2005,7,1
7.38,2005,7,5
7.69,2005,7,6
7.62,2005,7,7
7.87,2005,7,8
7.35,2005,7,11
7.79,2005,7,12
7.78,2005,7,13
7.99,2005,7,14
8.02,2005,7,15
7.77,2005,7,18
7.7,2005,7,19
7.75,2005,7,20
7.64,2005,7,21
7.41,2005,7,22
7.38,2005,7,25
7.45,2005,7,26
7.52,2005,7,27
7.69,2005,7,28
7.76,2005,7,29
8.03,2005,8,1
8.38,2005,8,2
8.75,2005,8,3
8.55,2005,8,4
8.6,2005,8,5
8.93,2005,8,8
8.7,2005,8,9
8.82,2005,8,10
9.29,2005,8,11
9.59,2005,8,12
9.53,2005,8,15
9.66,2005,8,16
9.99,2005,8,17
9.38,2005,8,18
9.09,2005,8,19
9.44,2005,8,22
9.96,2005,8,23
10.02,2005,8,24
9.77,2005,8,25
9.86,2005,8,26
9.86,2005,8,29
12.36,2005,8,30
12.69,2005,8,31
11.36,2005,9,1
11.75,2005,9,2
11.56,2005,9,6
11.03,2005,9,7
10.92,2005,9,8
11.03,2005,9,9
10.68,2005,9,12
10.71,2005,9,13
10.8,2005,9,14
11.24,2005,9,15
11.25,2005,9,16
11.99,2005,9,19
12.76,2005,9,20
14.26,2005,9,21
14.84,2005,9,22
13.67,2005,10,7
13.29,2005,10,10
13.67,2005,10,11
13.77,2005,10,12
13.48,2005,10,13
12.8,2005,10,14
13.89,2005,10,17
13.41,2005,10,18
13.52,2005,10,19
13.24,2005,10,20
12.73,2005,10,21
12.95,2005,10,24
13.9,2005,10,25
14.68,2005,10,26
13.9,2005,10,27
13.1,2005,10,28
12.18,2005,10,31
10.8,2005,11,1
10.85,2005,11,2
10.79,2005,11,3
9.67,2005,11,4
8.77,2005,11,7
9.15,2005,11,8
9.31,2005,11,9
9.66,2005,11,10
9.2,2005,11,11
9.15,2005,11,14
9.21,2005,11,15
11.03,2005,11,16
11.92,2005,11,17
10.01,2005,11,18
10.48,2005,11,21
11.15,2005,11,22
11.02,2005,11,23
11.01,2005,11,28
11.17,2005,11,29
11.73,2005,11,30
12.58,2005,12,1
12.95,2005,12,2
14.27,2005,12,5
13.57,2005,12,6
13.95,2005,12,7
14.25,2005,12,8
15.02,2005,12,9
14.82,2005,12,12
15.39,2005,12,13
14.81,2005,12,14
14.07,2005,12,15
13.36,2005,12,16
13.73,2005,12,19
13.79,2005,12,20
13.56,2005,12,21
13.03,2005,12,22
11.17,2005,12,23
10.22,2005,12,27
9.9,2005,12,28
10.07,2005,12,29
9.52,2005,12,30
9.9,2006,1,3
9.25,2006,1,4
9.24,2006,1,5
9.3,2006,1,6
8.79,2006,1,9
8.6,2006,1,10
8.55,2006,1,11
8.7,2006,1,12
8.5,2006,1,13
8.82,2006,1,17
8.86,2006,1,18
8.21,2006,1,19
8.8,2006,1,20
8.29,2006,1,23
8.27,2006,1,24
8.5,2006,1,25
7.86,2006,1,26
8.19,2006,1,27
8.36,2006,1,30
8.73,2006,1,31
8.71,2006,2,1
8.01,2006,2,2
8.01,2006,2,3
8.24,2006,2,6
7.74,2006,2,7
7.88,2006,2,8
7.55,2006,2,9
7.57,2006,2,10
7.36,2006,2,13
7.03,2006,2,14
7.31,2006,2,15
7.16,2006,2,16
7.39,2006,2,17
7.4,2006,2,21
7.55,2006,2,22
7.23,2006,2,23
7.39,2006,2,24
6.97,2006,2,27
6.69,2006,2,28
6.62,2006,3,1
6.69,2006,3,2
6.59,2006,3,3
6.5,2006,3,6
6.53,2006,3,7
6.47,2006,3,8
6.31,2006,3,9
6.4,2006,3,10
6.77,2006,3,13
7.15,2006,3,14
7.1,2006,3,15
7.12,2006,3,16
7.17,2006,3,17
7,2006,3,20
6.83,2006,3,21
7.06,2006,3,22
7.16,2006,3,23
7.43,2006,3,24
7.05,2006,3,27
7.15,2006,3,28
7.16,2006,3,29
7.19,2006,3,30
6.98,2006,3,31
7.08,2006,4,3
7.04,2006,4,4
6.89,2006,4,5
7.06,2006,4,6
6.81,2006,4,7
6.83,2006,4,10
6.99,2006,4,11
6.78,2006,4,12
6.64,2006,4,13
7.22,2006,4,17
7.6,2006,4,18
7.72,2006,4,19
7.95,2006,4,20
7.65,2006,4,21
7.73,2006,4,24
7.37,2006,4,25
7.17,2006,4,26
6.94,2006,4,27
6.64,2006,4,28
6.53,2006,5,1
6.68,2006,5,2
6.56,2006,5,3
6.47,2006,5,4
6.8,2006,5,5
6.54,2006,5,8
6.55,2006,5,9
6.5,2006,5,10
6.8,2006,5,11
6.35,2006,5,12
5.92,2006,5,15
5.99,2006,5,16
6.15,2006,5,17
5.79,2006,5,18
5.77,2006,5,19
5.91,2006,5,22
6.27,2006,5,23
6.01,2006,5,24
5.85,2006,5,25
5.78,2006,5,26
6.2,2006,5,30
5.97,2006,5,31
6.25,2006,6,1
6.23,2006,6,2
6.4,2006,6,5
6.16,2006,6,6
5.82,2006,6,7
5.84,2006,6,8
6.1,2006,6,9
6.02,2006,6,12
5.95,2006,6,13
6.08,2006,6,14
6.43,2006,6,15
7.03,2006,6,16
6.71,2006,6,19
6.62,2006,6,20
6.5,2006,6,21
6.51,2006,6,22
6.14,2006,6,23
5.89,2006,6,26
5.97,2006,6,27
6.04,2006,6,28
6.09,2006,6,29
5.84,2006,6,30
5.7,2006,7,5
5.28,2006,7,6
5.18,2006,7,7
5.32,2006,7,10
5.51,2006,7,11
5.66,2006,7,12
5.92,2006,7,13
6.28,2006,7,14
6.27,2006,7,17
6.02,2006,7,18
5.89,2006,7,19
6.14,2006,7,20
5.9,2006,7,21
6.33,2006,7,24
6.78,2006,7,25
6.71,2006,7,26
7.03,2006,7,27
7.24,2006,7,28
8.04,2006,7,31
8.66,2006,8,1
8.65,2006,8,2
7.61,2006,8,3
7.44,2006,8,4
6.97,2006,8,7
7.06,2006,8,8
7.6,2006,8,9
7.95,2006,8,10
7.56,2006,8,11
6.89,2006,8,14
6.9,2006,8,15
7.01,2006,8,16
6.73,2006,8,17
6.66,2006,8,18
6.72,2006,8,21
6.86,2006,8,22
7.19,2006,8,23
7.22,2006,8,24
7.48,2006,8,25
6.51,2006,8,28
6.24,2006,8,29
6.4,2006,8,30
5.8,2006,8,31
5.24,2006,9,1
5.45,2006,9,5
5.7,2006,9,6
5.64,2006,9,7
5.31,2006,9,8
5.29,2006,9,11
5.57,2006,9,12
5.4,2006,9,13
5.09,2006,9,14
4.4,2006,9,15
5.02,2006,9,18
4.99,2006,9,19
4.87,2006,9,20
4.65,2006,9,21
4.47,2006,9,22
4.31,2006,9,25
4.36,2006,9,26
4.35,2006,9,27
4.15,2006,9,28
3.66,2006,9,29
4.11,2006,10,2
4.01,2006,10,3
4.38,2006,10,4
4.69,2006,10,5
4.41,2006,10,6
5.06,2006,10,9
5.16,2006,10,10
5.66,2006,10,11
5.17,2006,10,12
4.3,2006,10,13
5.13,2006,10,16
6.26,2006,10,17
6.07,2006,10,18
6.77,2006,10,19
6.88,2006,10,20
7.29,2006,10,23
7.13,2006,10,24
7.2,2006,10,25
7.91,2006,10,26
7.41,2006,10,27
6.99,2006,10,30
6.64,2006,10,31
7.15,2006,11,1
7.32,2006,11,2
7.43,2006,11,3
6.72,2006,11,6
6.59,2006,11,7
7.39,2006,11,8
7.35,2006,11,9
7.16,2006,11,10
7.26,2006,11,13
7.42,2006,11,14
7.45,2006,11,15
7.59,2006,11,16
7.23,2006,11,17
7.79,2006,11,20
7.57,2006,11,21
7.42,2006,11,22
7.58,2006,11,27
7.61,2006,11,28
7.74,2006,11,29
8.32,2006,11,30
8.42,2006,12,1
7.84,2006,12,4
7.32,2006,12,5
7.32,2006,12,6
7.61,2006,12,7
7.45,2006,12,8
6.81,2006,12,11
6.93,2006,12,12
7.21,2006,12,13
7.26,2006,12,14
6.82,2006,12,15
6.62,2006,12,18
6.27,2006,12,19
6.43,2006,12,20
6.09,2006,12,21
5.88,2006,12,22
5.72,2006,12,26
5.54,2006,12,27
5.63,2006,12,28
5.5,2006,12,29
5.4,2007,1,2
5.47,2007,1,3
5.6,2007,1,4
5.52,2007,1,5
6.02,2007,1,8
6.15,2007,1,9
6.42,2007,1,10
6.09,2007,1,11
5.97,2007,1,12
6.82,2007,1,16
6.57,2007,1,17
6.29,2007,1,18
6.4,2007,1,19
7.2,2007,1,22
7.53,2007,1,23
7.58,2007,1,24
7.18,2007,1,25
6.95,2007,1,26
7.35,2007,1,29
7.32,2007,1,30
7.76,2007,1,31
7.93,2007,2,1
8.17,2007,2,2
9.14,2007,2,5
8.29,2007,2,6
7.9,2007,2,7
8.06,2007,2,8
8.16,2007,2,9
7.78,2007,2,12
8.09,2007,2,13
8.9,2007,2,14
8.91,2007,2,15
8.45,2007,2,16
7.34,2007,2,20
7.51,2007,2,21
7.47,2007,2,22
7.53,2007,2,23
7.73,2007,2,26
7.44,2007,2,27
7.23,2007,2,28
7.07,2007,3,1
7.22,2007,3,2
7.36,2007,3,5
7.55,2007,3,6
7.5,2007,3,7
7.14,2007,3,8
7.05,2007,3,9
6.81,2007,3,12
6.78,2007,3,13
6.86,2007,3,14
7.02,2007,3,15
6.84,2007,3,16
6.7,2007,3,19
6.81,2007,3,20
6.82,2007,3,21
7.07,2007,3,22
7.16,2007,3,23
7.15,2007,3,26
7.15,2007,3,27
7.47,2007,3,28
7.34,2007,3,29
7.5,2007,3,30
7.62,2007,4,2
7.57,2007,4,3
7.46,2007,4,4
7.53,2007,4,5
7.65,2007,4,9
7.65,2007,4,10
7.97,2007,4,11
7.95,2007,4,12
7.93,2007,4,13
7.66,2007,4,16
7.5,2007,4,17
7.54,2007,4,18
7.54,2007,4,19
7.32,2007,4,20
7.24,2007,4,23
7.57,2007,4,24
7.6,2007,4,25
7.56,2007,4,26
7.44,2007,4,27
7.71,2007,4,30
7.64,2007,5,1
7.64,2007,5,2
7.58,2007,5,3
7.82,2007,5,4
7.69,2007,5,7
7.5,2007,5,8
7.46,2007,5,9
7.63,2007,5,10
7.53,2007,5,11
7.85,2007,5,14
7.68,2007,5,15
7.62,2007,5,16
7.69,2007,5,17
7.87,2007,5,18
7.66,2007,5,21
7.6,2007,5,22
7.51,2007,5,23
7.56,2007,5,24
7.47,2007,5,25
7.51,2007,5,29
7.71,2007,5,30
7.8,2007,5,31
7.57,2007,6,1
7.73,2007,6,4
7.83,2007,6,5
7.83,2007,6,6
7.89,2007,6,7
7.52,2007,6,8
7.42,2007,6,11
7.45,2007,6,12
7.6,2007,6,13
7.48,2007,6,14
7.58,2007,6,15
7.69,2007,6,18
7.46,2007,6,19
7.39,2007,6,20
7.24,2007,6,21
7.04,2007,6,22
6.77,2007,6,25
6.85,2007,6,26
6.74,2007,6,27
6.79,2007,6,28
6.4,2007,6,29
6.24,2007,7,2
6.37,2007,7,3
6.3,2007,7,5
6.15,2007,7,6
6.39,2007,7,9
6.44,2007,7,10
6.66,2007,7,11
6.26,2007,7,12
6.27,2007,7,13
6.32,2007,7,16
6.34,2007,7,17
6.23,2007,7,18
6.5,2007,7,19
6.46,2007,7,20
6,2007,7,23
5.66,2007,7,24
5.56,2007,7,25
5.83,2007,7,26
5.77,2007,7,27
6.31,2007,7,30
6.53,2007,7,31
6.19,2007,8,1
6.34,2007,8,2
6.11,2007,8,3
6.1,2007,8,6
6.38,2007,8,7
6.24,2007,8,8
6.45,2007,8,9
6.57,2007,8,10
7.15,2007,8,13
6.86,2007,8,14
7.3,2007,8,15
6.96,2007,8,16
7.14,2007,8,17
6.47,2007,8,20
5.92,2007,8,21
5.84,2007,8,22
5.73,2007,8,23
5.69,2007,8,24
5.34,2007,8,27
5.56,2007,8,28
5.64,2007,8,29
5.54,2007,8,30
5.49,2007,8,31
5.3,2007,9,4
5.8,2007,9,5
6.02,2007,9,6
5.53,2007,9,7
5.56,2007,9,10
5.98,2007,9,11
6.13,2007,9,12
6.27,2007,9,13
6.23,2007,9,14
6.38,2007,9,17
6.42,2007,9,18
6.25,2007,9,19
6.02,2007,9,20
5.96,2007,9,21
6.12,2007,9,24
6.54,2007,9,25
6.47,2007,9,26
6.38,2007,9,27
6.15,2007,9,28
6.07,2007,10,1
6.55,2007,10,2
6.96,2007,10,3
6.91,2007,10,4
6.77,2007,10,5
6.69,2007,10,8
6.63,2007,10,9
6.79,2007,10,10
6.85,2007,10,11
6.46,2007,10,12
7.09,2007,10,15
7.29,2007,10,16
7.12,2007,10,17
7.11,2007,10,18
6.91,2007,10,19
6.63,2007,10,22
6.3,2007,10,23
6.11,2007,10,24
6.49,2007,10,25
6.43,2007,10,26
6.66,2007,10,29
6.99,2007,10,30
7.28,2007,10,31
7.09,2007,11,1
6.63,2007,11,2
6.71,2007,11,5
7.2,2007,11,6
7.42,2007,11,7
6.81,2007,11,8
6.59,2007,11,9
6.83,2007,11,12
7.22,2007,11,13
7.28,2007,11,14
7.35,2007,11,15
7.29,2007,11,16
7.38,2007,11,19
6.81,2007,11,20
6.67,2007,11,21
6.67,2007,11,23
7.53,2007,11,26
7.42,2007,11,27
7.51,2007,11,28
7.45,2007,11,29
7.29,2007,11,30
6.97,2007,12,3
7.27,2007,12,4
7.04,2007,12,5
7.29,2007,12,6
7.04,2007,12,7
6.98,2007,12,10
7.12,2007,12,11
7.22,2007,12,12
7.46,2007,12,13
7.09,2007,12,14
7.06,2007,12,17
7.16,2007,12,18
7.18,2007,12,19
7.19,2007,12,20
7.03,2007,12,21
7.03,2007,12,24
6.94,2007,12,26
6.8,2007,12,27
7.11,2007,12,28
7.11,2007,12,31
7.83,2008,1,2
7.84,2008,1,3
7.51,2008,1,4
7.61,2008,1,7
7.59,2008,1,8
7.89,2008,1,9
7.96,2008,1,10
8.13,2008,1,11
8.45,2008,1,14
8.43,2008,1,15
8.23,2008,1,16
8.1,2008,1,17
8.42,2008,1,18
7.97,2008,1,22
7.84,2008,1,23
7.85,2008,1,24
7.8,2008,1,25
7.87,2008,1,28
8.1,2008,1,29
8.17,2008,1,30
8.1,2008,1,31
7.88,2008,2,1
7.56,2008,2,4
7.8,2008,2,5
7.94,2008,2,6
7.99,2008,2,7
8.06,2008,2,8
8.38,2008,2,11
8.37,2008,2,12
8.35,2008,2,13
8.5,2008,2,14
8.73,2008,2,15
8.91,2008,2,19
9.08,2008,2,20
8.9,2008,2,21
8.65,2008,2,22
9.15,2008,2,25
9.21,2008,2,26
9.21,2008,2,27
9.11,2008,2,28
9.1,2008,2,29
9.07,2008,3,3
9.21,2008,3,4
9.37,2008,3,5
9.7,2008,3,6
9.82,2008,3,7
9.59,2008,3,10
9.85,2008,3,11
9.69,2008,3,12
9.74,2008,3,13
9.84,2008,3,14
9.59,2008,3,17
9.1,2008,3,18
9.11,2008,3,19
8.54,2008,3,20
8.99,2008,3,24
9.28,2008,3,25
9.25,2008,3,26
9.3,2008,3,27
9.36,2008,3,28
9.86,2008,3,31
9.92,2008,4,1
9.6,2008,4,2
9.68,2008,4,3
9.36,2008,4,4
9.48,2008,4,7
9.78,2008,4,8
9.88,2008,4,9
10.18,2008,4,10
10.07,2008,4,11
10.03,2008,4,14
10.16,2008,4,15
10.11,2008,4,16
10.27,2008,4,17
10.08,2008,4,18
10.5,2008,4,21
10.56,2008,4,22
10.33,2008,4,23
10.58,2008,4,24
10.72,2008,4,25
10.95,2008,4,28
10.94,2008,4,29
10.81,2008,4,30
10.66,2008,5,1
10.37,2008,5,2
10.77,2008,5,5
11.09,2008,5,6
11.08,2008,5,7
11.33,2008,5,8
11.29,2008,5,9
11.38,2008,5,12
11.18,2008,5,13
11.52,2008,5,14
11.41,2008,5,15
11.31,2008,5,16
11.1,2008,5,19
10.94,2008,5,20
11.4,2008,5,21
11.57,2008,5,22
11.56,2008,5,23
11.85,2008,5,27
11.6,2008,5,28
11.81,2008,5,29
11.43,2008,5,30
11.8,2008,6,2
12.27,2008,6,3
12.17,2008,6,4
12.49,2008,6,5
12.71,2008,6,6
12.71,2008,6,9
12.72,2008,6,10
12.49,2008,6,11
12.51,2008,6,12
12.51,2008,6,13
12.73,2008,6,16
12.87,2008,6,17
12.93,2008,6,18
13.09,2008,6,19
12.76,2008,6,20
12.92,2008,6,23
12.96,2008,6,24
12.76,2008,6,25
12.7,2008,6,26
13.1,2008,6,27
13.19,2008,6,30
13.28,2008,7,1
13.31,2008,7,2
13,2008,7,3
12.96,2008,7,7
12.47,2008,7,8
12.1,2008,7,9
11.83,2008,7,10
12.15,2008,7,11
11.58,2008,7,14
11.79,2008,7,15
11.15,2008,7,16
11.43,2008,7,17
10.54,2008,7,18
10.58,2008,7,21
10.16,2008,7,22
9.88,2008,7,23
9.7,2008,7,24
9.34,2008,7,25
9.26,2008,7,28
9.17,2008,7,29
9.01,2008,7,30
9.26,2008,7,31
9.05,2008,8,1
9.2,2008,8,4
8.66,2008,8,5
8.7,2008,8,6
8.77,2008,8,7
8.22,2008,8,8
8.18,2008,8,11
8.23,2008,8,12
8.11,2008,8,13
8.15,2008,8,14
7.82,2008,8,15
7.74,2008,8,18
7.73,2008,8,19
8.02,2008,8,20
8.04,2008,8,21
7.98,2008,8,22
7.63,2008,8,25
8.02,2008,8,26
8.54,2008,8,27
8.36,2008,8,28
8.24,2008,8,29
8.24,2008,9,2
7.26,2008,9,3
7.24,2008,9,4
7.4,2008,9,5
7.68,2008,9,8
7.28,2008,9,9
7.65,2008,9,10
7.83,2008,9,11
8.02,2008,9,12
8.02,2008,9,15
7.76,2008,9,16
7.72,2008,9,17
8.26,2008,9,18
7.79,2008,9,19
7.66,2008,9,22
7.84,2008,9,23
8.15,2008,9,24
7.63,2008,9,25
7.42,2008,9,26
7.13,2008,9,29
7.17,2008,9,30
7.41,2008,10,1
7.64,2008,10,2
7.16,2008,10,3
6.87,2008,10,6
6.74,2008,10,7
6.58,2008,10,8
6.69,2008,10,9
6.52,2008,10,10
6.62,2008,10,13
6.74,2008,10,14
6.64,2008,10,15
6.65,2008,10,16
6.76,2008,10,17
6.98,2008,10,20
6.76,2008,10,21
6.94,2008,10,22
6.77,2008,10,23
6.29,2008,10,24
6.27,2008,10,27
6.4,2008,10,28
6.58,2008,10,29
6.75,2008,10,30
6.18,2008,10,31
6.45,2008,11,3
6.79,2008,11,4
6.94,2008,11,5
7.04,2008,11,6
6.6,2008,11,7
7.07,2008,11,10
7.02,2008,11,11
6.65,2008,11,12
6.31,2008,11,13
6.33,2008,11,14
6.55,2008,11,17
6.74,2008,11,18
6.76,2008,11,19
6.76,2008,11,20
6.56,2008,11,21
6.85,2008,11,24
6.71,2008,11,25
6.43,2008,11,26
6.43,2008,11,28
6.48,2008,12,1
6.68,2008,12,2
6.48,2008,12,3
6.55,2008,12,4
5.99,2008,12,5
5.73,2008,12,8
5.57,2008,12,9
5.67,2008,12,10
5.86,2008,12,11
5.56,2008,12,12
5.75,2008,12,15
5.75,2008,12,16
5.79,2008,12,17
5.63,2008,12,18
5.66,2008,12,19
5.39,2008,12,22
5.37,2008,12,23
5.44,2008,12,24
5.44,2008,12,26
5.81,2008,12,29
5.71,2008,12,30
5.63,2008,12,31
5.41,2009,1,2
5.83,2009,1,5
6.1,2009,1,6
5.89,2009,1,7
5.96,2009,1,8
5.6,2009,1,9
5.59,2009,1,12
5.7,2009,1,13
5.47,2009,1,14
5.27,2009,1,15
5.09,2009,1,16
4.86,2009,1,20
4.87,2009,1,21
4.72,2009,1,22
4.75,2009,1,23
4.62,2009,1,26
4.76,2009,1,27
4.84,2009,1,28
4.71,2009,1,29
4.77,2009,1,30
4.48,2009,2,2
5.04,2009,2,3
5.01,2009,2,4
4.84,2009,2,5
4.67,2009,2,6
4.76,2009,2,9
4.84,2009,2,10
4.68,2009,2,11
4.73,2009,2,12
4.6,2009,2,13
4.35,2009,2,17
4.35,2009,2,18
4.46,2009,2,19
4.21,2009,2,20
4.23,2009,2,23
4.21,2009,2,24
4.2,2009,2,25
4.08,2009,2,26
4.04,2009,2,27
4.36,2009,3,2
4.43,2009,3,3
4.23,2009,3,4
4.22,2009,3,5
3.93,2009,3,6
3.86,2009,3,9
3.88,2009,3,10
3.92,2009,3,11
3.87,2009,3,12
3.9,2009,3,13
3.78,2009,3,16
3.78,2009,3,17
3.75,2009,3,18
3.68,2009,3,19
3.99,2009,3,20
4.17,2009,3,23
4.13,2009,3,24
4.13,2009,3,25
4.16,2009,3,26
3.73,2009,3,27
3.63,2009,3,30
3.58,2009,3,31
3.56,2009,4,1
3.69,2009,4,2
3.66,2009,4,3
3.74,2009,4,6
3.6,2009,4,7
3.5,2009,4,8
3.59,2009,4,9
3.46,2009,4,13
3.59,2009,4,14
3.6,2009,4,15
3.54,2009,4,16
3.47,2009,4,17
3.55,2009,4,20
3.43,2009,4,21
3.48,2009,4,22
3.46,2009,4,23
3.31,2009,4,24
3.19,2009,4,27
3.29,2009,4,28
3.43,2009,4,29
3.25,2009,4,30
3.3,2009,5,1
3.47,2009,5,4
3.62,2009,5,5
3.67,2009,5,6
3.96,2009,5,7
4.16,2009,5,8
4.24,2009,5,11
4.41,2009,5,12
4.42,2009,5,13
4.1,2009,5,14
4.05,2009,5,15
4.02,2009,5,18
3.99,2009,5,19
3.75,2009,5,20
3.77,2009,5,21
3.41,2009,5,22
3.35,2009,5,26
3.49,2009,5,27
3.55,2009,5,28
3.92,2009,5,29
3.86,2009,6,1
4.05,2009,6,2
3.81,2009,6,3
3.58,2009,6,4
3.51,2009,6,5
3.53,2009,6,8
3.53,2009,6,9
3.56,2009,6,10
3.51,2009,6,11
3.54,2009,6,12
3.8,2009,6,15
4.16,2009,6,16
3.99,2009,6,17
4.19,2009,6,18
4.04,2009,6,19
4.01,2009,6,22
3.91,2009,6,23
3.8,2009,6,24
3.82,2009,6,25
3.81,2009,6,26
3.88,2009,6,29
3.72,2009,6,30
3.63,2009,7,1
3.49,2009,7,2
3.24,2009,7,6
3.3,2009,7,7
3.22,2009,7,8
3.36,2009,7,9
3.24,2009,7,10
3.17,2009,7,13
3.29,2009,7,14
3.37,2009,7,15
3.21,2009,7,16
3.39,2009,7,17
3.49,2009,7,20
3.48,2009,7,21
3.49,2009,7,22
3.66,2009,7,23
3.37,2009,7,24
3.46,2009,7,27
3.49,2009,7,28
3.41,2009,7,29
3.34,2009,7,30
3.34,2009,7,31
3.43,2009,8,3
3.53,2009,8,4
3.61,2009,8,5
3.78,2009,8,6
3.57,2009,8,7
3.55,2009,8,10
3.54,2009,8,11
3.36,2009,8,12
3.34,2009,8,13
3.18,2009,8,14
3.11,2009,8,17
3.12,2009,8,18
3.03,2009,8,19
3.03,2009,8,20
2.78,2009,8,21
2.69,2009,8,24
2.85,2009,8,25
2.76,2009,8,26
2.76,2009,8,27
2.52,2009,8,28
2.42,2009,8,31
2.36,2009,9,1
2.25,2009,9,2
2.06,2009,9,3
1.83,2009,9,4
2.43,2009,9,8
2.72,2009,9,9
2.68,2009,9,10
2.94,2009,9,11
2.84,2009,9,14
3.21,2009,9,15
3.28,2009,9,16
3.5,2009,9,17
3.21,2009,9,18
3.35,2009,9,21
3.37,2009,9,22
3.43,2009,9,23
3.56,2009,9,24
3.61,2009,9,25
3.54,2009,9,28
3.3,2009,9,29
3.25,2009,9,30
2.91,2009,10,1
2.32,2009,10,2
2.89,2009,10,5
3.23,2009,10,6
3.7,2009,10,7
4.24,2009,10,8
3.92,2009,10,9
3.96,2009,10,12
4.03,2009,10,13
3.82,2009,10,14
3.88,2009,10,15
3.94,2009,10,16
4.22,2009,10,19
4.6,2009,10,20
4.8,2009,10,21
4.98,2009,10,22
4.88,2009,10,23
4.52,2009,10,26
4.52,2009,10,27
4.59,2009,10,28
4.11,2009,10,29
4.11,2009,10,30
4.32,2009,11,2
4.33,2009,11,3
4.49,2009,11,4
4.3,2009,11,5
3.95,2009,11,6
3.78,2009,11,9
3.76,2009,11,10
3.59,2009,11,11
3.24,2009,11,12
2.51,2009,11,13
2.65,2009,11,16
3.47,2009,11,17
3.74,2009,11,18
3.57,2009,11,19
3.09,2009,11,20
3.79,2009,11,23
3.63,2009,11,24
3.32,2009,11,25
3.32,2009,11,27
4.41,2009,11,30
4.3,2009,12,1
4.67,2009,12,2
4.57,2009,12,3
4.53,2009,12,4
4.78,2009,12,7
5.1,2009,12,8
5.27,2009,12,9
5.02,2009,12,10
5.21,2009,12,11
5.41,2009,12,14
5.53,2009,12,15
5.57,2009,12,16
5.65,2009,12,17
5.87,2009,12,18
5.79,2009,12,21
5.56,2009,12,22
5.55,2009,12,23
5.75,2009,12,24
5.91,2009,12,28
6.01,2009,12,29
5.78,2009,12,30
5.82,2009,12,31
6.09,2010,1,4
6.19,2010,1,5
6.47,2010,1,6
7.51,2010,1,7
6.56,2010,1,8
5.77,2010,1,11
5.57,2010,1,12
5.61,2010,1,13
5.77,2010,1,14
5.66,2010,1,15
5.51,2010,1,19
5.54,2010,1,20
5.52,2010,1,21
5.67,2010,1,22
5.76,2010,1,25
5.61,2010,1,26
5.42,2010,1,27
5.32,2010,1,28
5.26,2010,1,29
5.3,2010,2,1
5.47,2010,2,2
5.51,2010,2,3
5.47,2010,2,4
5.61,2010,2,5
5.73,2010,2,8
5.54,2010,2,9
5.48,2010,2,10
5.53,2010,2,11
5.48,2010,2,12
5.65,2010,2,16
5.47,2010,2,17
5.4,2010,2,18
5.1,2010,2,19
4.92,2010,2,22
4.91,2010,2,23
4.91,2010,2,24
4.84,2010,2,25
4.76,2010,2,26
4.83,2010,3,1
4.78,2010,3,2
4.76,2010,3,3
4.78,2010,3,4
4.56,2010,3,5
4.47,2010,3,8
4.51,2010,3,9
4.44,2010,3,10
4.47,2010,3,11
4.35,2010,3,12
4.29,2010,3,15
4.38,2010,3,16
4.27,2010,3,17
4.19,2010,3,18
4.01,2010,3,19
4.02,2010,3,22
4.08,2010,3,23
4.02,2010,3,24
4.01,2010,3,25
3.92,2010,3,26
3.83,2010,3,29
3.79,2010,3,30
3.93,2010,3,31
3.72,2010,4,1
3.93,2010,4,5
4.16,2010,4,6
4.08,2010,4,7
3.92,2010,4,8
3.9,2010,4,9
4.04,2010,4,12
3.97,2010,4,13
4.15,2010,4,14
4.16,2010,4,15
3.97,2010,4,16
4.02,2010,4,19
3.93,2010,4,20
3.96,2010,4,21
3.95,2010,4,22
4.07,2010,4,23
4.23,2010,4,26
4.18,2010,4,27
4.19,2010,4,28
4.24,2010,4,29
3.94,2010,4,30
3.86,2010,5,3
3.96,2010,5,4
4,2010,5,5
3.97,2010,5,6
3.91,2010,5,7
4.08,2010,5,10
4.15,2010,5,11
4.18,2010,5,12
4.26,2010,5,13
4.27,2010,5,14
4.34,2010,5,17
4.42,2010,5,18
4.28,2010,5,19
4.12,2010,5,20
4.12,2010,5,21
4.08,2010,5,24
4.08,2010,5,25
4.19,2010,5,26
4.22,2010,5,27
4.31,2010,5,28
4.39,2010,6,1
4.32,2010,6,2
4.46,2010,6,3
4.6,2010,6,4
4.67,2010,6,7
4.89,2010,6,8
4.75,2010,6,9
4.68,2010,6,10
4.68,2010,6,11
4.94,2010,6,14
5.11,2010,6,15
5.13,2010,6,16
5.14,2010,6,17
5.17,2010,6,18
5.15,2010,6,21
4.87,2010,6,22
4.9,2010,6,23
4.88,2010,6,24
4.84,2010,6,25
4.85,2010,6,28
4.68,2010,6,29
4.53,2010,6,30
4.54,2010,7,1
4.72,2010,7,2
4.85,2010,7,6
4.76,2010,7,7
4.61,2010,7,8
4.36,2010,7,9
4.42,2010,7,12
4.46,2010,7,13
4.39,2010,7,14
4.43,2010,7,15
4.68,2010,7,16
4.56,2010,7,19
4.59,2010,7,20
4.7,2010,7,21
4.67,2010,7,22
4.69,2010,7,23
4.65,2010,7,26
4.72,2010,7,27
4.75,2010,7,28
4.8,2010,7,29
4.81,2010,7,30
4.94,2010,8,2
4.78,2010,8,3
4.77,2010,8,4
4.84,2010,8,5
4.67,2010,8,6
4.52,2010,8,9
4.43,2010,8,10
4.38,2010,8,11
4.42,2010,8,12
4.35,2010,8,13
4.37,2010,8,16
4.28,2010,8,17
4.35,2010,8,18
4.29,2010,8,19
4.19,2010,8,20
4.12,2010,8,23
4.07,2010,8,24
3.99,2010,8,25
3.85,2010,8,26
3.75,2010,8,27
3.77,2010,8,30
3.8,2010,8,31
3.73,2010,9,1
3.74,2010,9,2
3.74,2010,9,3
3.82,2010,9,7
3.81,2010,9,8
3.79,2010,9,9
3.79,2010,9,10
3.83,2010,9,13
3.98,2010,9,14
4.06,2010,9,15
4.09,2010,9,16
4.11,2010,9,17
4.01,2010,9,20
3.95,2010,9,21
4.02,2010,9,22
4.08,2010,9,23
3.97,2010,9,24
3.8,2010,9,27
3.8,2010,9,28
3.81,2010,9,29
3.85,2010,9,30
3.67,2010,10,1
3.56,2010,10,4
3.51,2010,10,5
3.56,2010,10,6
3.62,2010,10,7
3.36,2010,10,8
3.43,2010,10,11
3.4,2010,10,12
3.58,2010,10,13
3.58,2010,10,14
3.47,2010,10,15
3.36,2010,10,18
3.36,2010,10,19
3.46,2010,10,20
3.46,2010,10,21
3.19,2010,10,22
3.18,2010,10,25
3.28,2010,10,26
3.37,2010,10,27
3.36,2010,10,28
3.36,2010,10,29
3.42,2010,11,1
3.2,2010,11,2
3.35,2010,11,3
3.53,2010,11,4
3.47,2010,11,5
3.49,2010,11,8
3.76,2010,11,9
4,2010,11,10
3.73,2010,11,11
3.5,2010,11,12
3.56,2010,11,15
3.66,2010,11,16
3.77,2010,11,17
3.89,2010,11,18
3.79,2010,11,19
4.02,2010,11,22
3.93,2010,11,23
3.82,2010,11,24
3.82,2010,11,26
4.12,2010,11,29
4.16,2010,11,30
4.21,2010,12,1
4.28,2010,12,2
4.23,2010,12,3
4.47,2010,12,6
4.48,2010,12,7
4.47,2010,12,8
4.52,2010,12,9
4.37,2010,12,10
4.55,2010,12,13
4.35,2010,12,14
4.22,2010,12,15
4.19,2010,12,16
3.99,2010,12,17
4.1,2010,12,20
4.17,2010,12,21
4.01,2010,12,22
4.08,2010,12,23
4.05,2010,12,27
4.1,2010,12,28
4.19,2010,12,29
4.22,2010,12,30
4.22,2010,12,31
4.54,2011,1,3
4.61,2011,1,4
4.52,2011,1,5
4.49,2011,1,6
4.42,2011,1,7
4.49,2011,1,10
4.42,2011,1,11
4.55,2011,1,12
4.48,2011,1,13
4.38,2011,1,14
4.52,2011,1,18
4.48,2011,1,19
4.57,2011,1,20
4.72,2011,1,21
4.72,2011,1,24
4.46,2011,1,25
4.4,2011,1,26
4.41,2011,1,27
4.27,2011,1,28
4.42,2011,1,31
4.42,2011,2,1
4.55,2011,2,2
4.69,2011,2,3
4.48,2011,2,4
4.32,2011,2,7
4.24,2011,2,8
4.22,2011,2,9
4.11,2011,2,10
3.96,2011,2,11
3.89,2011,2,14
3.92,2011,2,15
3.93,2011,2,16
3.9,2011,2,17
3.84,2011,2,18
3.89,2011,2,22
3.83,2011,2,23
3.83,2011,2,24
3.81,2011,2,25
3.93,2011,2,28
3.93,2011,3,1
3.79,2011,3,2
3.75,2011,3,3
3.7,2011,3,4
3.73,2011,3,7
3.83,2011,3,8
3.81,2011,3,9
3.87,2011,3,10
3.78,2011,3,11
3.9,2011,3,14
3.81,2011,3,15
3.86,2011,3,16
3.85,2011,3,17
3.98,2011,3,18
3.99,2011,3,21
4.05,2011,3,22
4.18,2011,3,23
4.27,2011,3,24
4.13,2011,3,25
4.35,2011,3,28
4.27,2011,3,29
4.25,2011,3,30
4.32,2011,3,31
4.32,2011,4,1
4.21,2011,4,4
4.22,2011,4,5
4.17,2011,4,6
4.12,2011,4,7
4.05,2011,4,8
4.05,2011,4,11
4.08,2011,4,12
4.14,2011,4,13
4.12,2011,4,14
4.21,2011,4,15
4.23,2011,4,18
4.19,2011,4,19
4.33,2011,4,20
4.33,2011,4,21
4.37,2011,4,25
4.32,2011,4,26
4.35,2011,4,27
4.38,2011,4,28
4.51,2011,4,29
4.6,2011,5,2
4.6,2011,5,3
4.59,2011,5,4
4.49,2011,5,5
4.24,2011,5,6
4.28,2011,5,9
4.19,2011,5,10
4.23,2011,5,11
4.1,2011,5,12
4.09,2011,5,13
4.21,2011,5,16
4.25,2011,5,17
4.15,2011,5,18
4.1,2011,5,19
4.05,2011,5,20
4.27,2011,5,23
4.37,2011,5,24
4.36,2011,5,25
4.37,2011,5,26
4.36,2011,5,27
4.63,2011,5,31
4.62,2011,6,1
4.64,2011,6,2
4.72,2011,6,3
4.83,2011,6,6
4.83,2011,6,7
4.83,2011,6,8
4.92,2011,6,9
4.72,2011,6,10
4.75,2011,6,13
4.59,2011,6,14
4.53,2011,6,15
4.54,2011,6,16
4.39,2011,6,17
4.33,2011,6,20
4.37,2011,6,21
4.42,2011,6,22
4.31,2011,6,23
4.2,2011,6,24
4.25,2011,6,27
4.34,2011,6,28
4.4,2011,6,29
4.28,2011,6,30
4.33,2011,7,1
4.4,2011,7,5
4.34,2011,7,6
4.25,2011,7,7
4.19,2011,7,8
4.35,2011,7,11
4.38,2011,7,12
4.43,2011,7,13
4.42,2011,7,14
4.49,2011,7,15
4.6,2011,7,18
4.6,2011,7,19
4.64,2011,7,20
4.58,2011,7,21
4.46,2011,7,22
4.45,2011,7,25
4.43,2011,7,26
4.46,2011,7,27
4.41,2011,7,28
4.26,2011,7,29
4.29,2011,8,1
4.3,2011,8,2
4.26,2011,8,3
4.2,2011,8,4
4,2011,8,5
4,2011,8,8
4.06,2011,8,9
4.09,2011,8,10
4.06,2011,8,11
4.17,2011,8,12
4.05,2011,8,15
4.03,2011,8,16
3.98,2011,8,17
3.98,2011,8,18
3.99,2011,8,19
3.97,2011,8,22
4.01,2011,8,23
4.1,2011,8,24
4.01,2011,8,25
3.96,2011,8,26
3.93,2011,8,29
3.85,2011,8,30
3.97,2011,8,31
4.18,2011,9,1
4.12,2011,9,2
3.93,2011,9,6
3.96,2011,9,7
3.99,2011,9,8
3.96,2011,9,9
3.92,2011,9,12
3.96,2011,9,13
4.01,2011,9,14
4.04,2011,9,15
3.84,2011,9,16
3.78,2011,9,19
3.84,2011,9,20
3.78,2011,9,21
3.72,2011,9,22
3.74,2011,9,23
3.8,2011,9,26
3.92,2011,9,27
3.88,2011,9,28
3.77,2011,9,29
3.68,2011,9,30
3.57,2011,10,3
3.56,2011,10,4
3.63,2011,10,5
3.49,2011,10,6
3.4,2011,10,7
3.41,2011,10,10
3.52,2011,10,11
3.54,2011,10,12
3.42,2011,10,13
3.49,2011,10,14
3.72,2011,10,17
3.63,2011,10,18
3.59,2011,10,19
3.61,2011,10,20
3.54,2011,10,21
3.61,2011,10,24
3.62,2011,10,25
3.65,2011,10,26
3.59,2011,10,27
3.63,2011,10,28
3.66,2011,10,31
3.49,2011,11,1
3.39,2011,11,2
3.39,2011,11,3
3.44,2011,11,4
3.35,2011,11,7
3.42,2011,11,8
3.55,2011,11,9
3.48,2011,11,10
3.29,2011,11,11
3.17,2011,11,14
3.12,2011,11,15
3.11,2011,11,16
3.11,2011,11,17
3.01,2011,11,18
2.94,2011,11,21
3.06,2011,11,22
2.84,2011,11,23
2.84,2011,11,25
3.09,2011,11,28
3.39,2011,11,29
3.53,2011,11,30
3.49,2011,12,1
3.35,2011,12,2
3.38,2011,12,5
3.43,2011,12,6
3.45,2011,12,7
3.42,2011,12,8
3.29,2011,12,9
3.13,2011,12,12
3.12,2011,12,13
3.08,2011,12,14
3.05,2011,12,15
3.01,2011,12,16
3.03,2011,12,19
3.06,2011,12,20
3.05,2011,12,21
3.08,2011,12,22
2.97,2011,12,23
3.09,2011,12,27
3.07,2011,12,28
3.03,2011,12,29
2.98,2011,12,30
2.97,2012,1,3
2.96,2012,1,4
2.91,2012,1,5
2.85,2012,1,6
2.89,2012,1,9
2.97,2012,1,10
2.81,2012,1,11
2.7,2012,1,12
2.67,2012,1,13
2.51,2012,1,17
2.49,2012,1,18
2.36,2012,1,19
2.23,2012,1,20
2.39,2012,1,23
2.6,2012,1,24
2.61,2012,1,25
2.68,2012,1,26
2.59,2012,1,27
2.71,2012,1,30
2.51,2012,1,31
2.32,2012,2,1
2.3,2012,2,2
2.4,2012,2,3
2.46,2012,2,6
2.6,2012,2,7
2.48,2012,2,8
2.5,2012,2,9
2.51,2012,2,10
2.42,2012,2,13
2.48,2012,2,14
2.54,2012,2,15
2.47,2012,2,16
2.67,2012,2,17
2.63,2012,2,21
2.6,2012,2,22
2.68,2012,2,23
2.6,2012,2,24
2.55,2012,2,27
2.44,2012,2,28
2.44,2012,2,29
2.45,2012,3,1
2.38,2012,3,2
2.31,2012,3,5
2.3,2012,3,6
2.24,2012,3,7
2.24,2012,3,8
2.21,2012,3,9
2.17,2012,3,12
2.15,2012,3,13
2.13,2012,3,14
2.07,2012,3,15
2.01,2012,3,16
2.14,2012,3,19
2.19,2012,3,20
2.21,2012,3,21
2.19,2012,3,22
2.07,2012,3,23
2.16,2012,3,26
2.09,2012,3,27
2.05,2012,3,28
2.02,2012,3,29
2,2012,3,30
1.88,2012,4,2
1.94,2012,4,3
2.06,2012,4,4
1.98,2012,4,5
1.99,2012,4,9
1.99,2012,4,10
1.91,2012,4,11
1.87,2012,4,12
1.87,2012,4,13
1.88,2012,4,16
1.89,2012,4,17
1.87,2012,4,18
1.85,2012,4,19
1.82,2012,4,20
1.89,2012,4,23
1.97,2012,4,24
1.99,2012,4,25
2.1,2012,4,26
2.05,2012,4,27
2.1,2012,4,30
2.29,2012,5,1
2.31,2012,5,2
2.29,2012,5,3
2.3,2012,5,4
2.3,2012,5,7
2.27,2012,5,8
2.36,2012,5,9
2.36,2012,5,10
2.37,2012,5,11
2.41,2012,5,14
2.38,2012,5,15
2.5,2012,5,16
2.6,2012,5,17
2.56,2012,5,18
2.6,2012,5,21
2.55,2012,5,22
2.6,2012,5,23
2.66,2012,5,24
2.56,2012,5,25
2.5,2012,5,29
2.39,2012,5,30
2.34,2012,5,31
2.24,2012,6,1
2.32,2012,6,4
2.39,2012,6,5
2.41,2012,6,6
2.33,2012,6,7
2.22,2012,6,8
2.22,2012,6,11
2.17,2012,6,12
2.18,2012,6,13
2.2,2012,6,14
2.44,2012,6,15
2.45,2012,6,18
2.59,2012,6,19
2.6,2012,6,20
2.48,2012,6,21
2.5,2012,6,22
2.7,2012,6,25
2.7,2012,6,26
2.87,2012,6,27
2.81,2012,6,28
2.74,2012,6,29
2.73,2012,7,2
2.78,2012,7,3
2.9,2012,7,5
2.94,2012,7,6
2.79,2012,7,9
2.87,2012,7,10
2.72,2012,7,11
2.83,2012,7,12
2.88,2012,7,13
2.92,2012,7,16
2.83,2012,7,17
2.84,2012,7,18
2.99,2012,7,19
3.03,2012,7,20
3.05,2012,7,23
3.16,2012,7,24
3.19,2012,7,25
3.13,2012,7,26
3.1,2012,7,27
3.14,2012,7,30
3.2,2012,7,31
3.2,2012,8,1
3.16,2012,8,2
2.91,2012,8,3
2.9,2012,8,6
2.99,2012,8,7
2.97,2012,8,8
2.89,2012,8,9
2.84,2012,8,10
2.77,2012,8,13
2.79,2012,8,14
2.82,2012,8,15
2.78,2012,8,16
2.7,2012,8,17
2.75,2012,8,20
2.8,2012,8,21
2.8,2012,8,22
2.81,2012,8,23
2.81,2012,8,24
2.8,2012,8,27
2.71,2012,8,28
2.64,2012,8,29
2.72,2012,8,30
2.72,2012,8,31
2.81,2012,9,4
2.87,2012,9,5
2.85,2012,9,6
2.73,2012,9,7
2.66,2012,9,10
2.82,2012,9,11
2.96,2012,9,12
3.01,2012,9,13
2.94,2012,9,14
2.83,2012,9,17
2.74,2012,9,18
2.7,2012,9,19
2.76,2012,9,20
2.76,2012,9,21
2.82,2012,9,24
2.84,2012,9,25
2.92,2012,9,26
3.01,2012,9,27
3.08,2012,9,28
3.19,2012,10,1
3.21,2012,10,2
3.21,2012,10,3
3.23,2012,10,4
3.26,2012,10,5
3.18,2012,10,8
3.18,2012,10,9
3.26,2012,10,10
3.28,2012,10,11
3.38,2012,10,12
3.35,2012,10,15
3.27,2012,10,16
3.24,2012,10,17
3.28,2012,10,18
3.43,2012,10,19
3.49,2012,10,22
3.34,2012,10,23
3.43,2012,10,24
3.39,2012,10,25
3.38,2012,10,26
3.4,2012,10,29
3.42,2012,10,30
3.5,2012,10,31
3.5,2012,11,1
3.4,2012,11,2
3.34,2012,11,5
3.41,2012,11,6
3.47,2012,11,7
3.45,2012,11,8
3.33,2012,11,9
3.4,2012,11,12
3.57,2012,11,13
3.66,2012,11,14
3.63,2012,11,15
3.46,2012,11,16
3.63,2012,11,19
3.62,2012,11,20
3.59,2012,11,21
3.59,2012,11,23
3.75,2012,11,26
3.77,2012,11,27
3.71,2012,11,28
3.61,2012,11,29
3.46,2012,11,30
3.44,2012,12,3
3.38,2012,12,4
3.41,2012,12,5
3.48,2012,12,6
3.33,2012,12,7
3.35,2012,12,10
3.39,2012,12,11
3.33,2012,12,12
3.27,2012,12,13
3.15,2012,12,14
3.2,2012,12,17
3.29,2012,12,18
3.25,2012,12,19
3.35,2012,12,20
3.42,2012,12,21
3.3,2012,12,24
3.35,2012,12,26
3.31,2012,12,27
3.4,2012,12,28
3.43,2012,12,31
3.3,2013,1,2
3.19,2013,1,3
3.2,2013,1,4
3.3,2013,1,7
3.21,2013,1,8
3.14,2013,1,9
3.08,2013,1,10
3.18,2013,1,11
3.39,2013,1,14
3.4,2013,1,15
3.43,2013,1,16
3.44,2013,1,17
3.54,2013,1,18
3.63,2013,1,22
3.53,2013,1,23
3.56,2013,1,24
3.42,2013,1,25
3.25,2013,1,28
3.14,2013,1,29
3.24,2013,1,30
3.33,2013,1,31
3.34,2013,2,1
3.27,2013,2,4
3.34,2013,2,5
3.41,2013,2,6
3.39,2013,2,7
3.26,2013,2,8
3.2,2013,2,11
3.3,2013,2,12
3.29,2013,2,13
3.3,2013,2,14
3.19,2013,2,15
3.23,2013,2,19
3.34,2013,2,20
3.29,2013,2,21
3.27,2013,2,22
3.42,2013,2,25
3.46,2013,2,26
3.49,2013,2,27
3.48,2013,2,28
3.54,2013,3,1
3.53,2013,3,4
3.63,2013,3,5
3.57,2013,3,6
3.54,2013,3,7
3.57,2013,3,8
3.64,2013,3,11
3.71,2013,3,12
3.72,2013,3,13
3.74,2013,3,14
3.89,2013,3,15
3.98,2013,3,18
3.96,2013,3,19
3.97,2013,3,20
4.01,2013,3,21
4.01,2013,3,22
4.08,2013,3,25
3.99,2013,3,26
4.08,2013,3,27
4.03,2013,3,28
3.97,2013,4,1
4.07,2013,4,2
4,2013,4,3
3.94,2013,4,4
3.98,2013,4,5
4.18,2013,4,8
4.08,2013,4,9
4.07,2013,4,10
4.11,2013,4,11
4.21,2013,4,12
4.23,2013,4,15
4.19,2013,4,16
4.24,2013,4,17
4.23,2013,4,18
4.38,2013,4,19
4.33,2013,4,22
4.27,2013,4,23
4.25,2013,4,24
4.19,2013,4,25
4.16,2013,4,26
4.28,2013,4,29
4.3,2013,4,30
4.31,2013,5,1
4.28,2013,5,2
3.98,2013,5,3
3.93,2013,5,6
3.88,2013,5,7
3.86,2013,5,8
3.87,2013,5,9
3.9,2013,5,10
3.87,2013,5,13
3.93,2013,5,14
4.03,2013,5,15
4.01,2013,5,16
3.89,2013,5,17
4.1,2013,5,20
4.13,2013,5,21
4.16,2013,5,22
4.15,2013,5,23
4.15,2013,5,24
4.19,2013,5,28
4.15,2013,5,29
4.12,2013,5,30
4.02,2013,5,31
4,2013,6,3
4,2013,6,4
3.99,2013,6,5
3.93,2013,6,6
3.79,2013,6,7
3.85,2013,6,10
3.77,2013,6,11
3.74,2013,6,12
3.73,2013,6,13
3.76,2013,6,14
3.78,2013,6,17
3.9,2013,6,18
3.93,2013,6,19
3.9,2013,6,20
3.85,2013,6,21
3.81,2013,6,24
3.77,2013,6,25
3.72,2013,6,26
3.73,2013,6,27
3.57,2013,6,28
3.52,2013,7,1
3.58,2013,7,2
3.54,2013,7,3
3.52,2013,7,5
3.65,2013,7,8
3.69,2013,7,9
3.69,2013,7,10
3.64,2013,7,11
3.61,2013,7,12
3.67,2013,7,15
3.69,2013,7,16
3.67,2013,7,17
3.66,2013,7,18
3.78,2013,7,19
3.71,2013,7,22
3.68,2013,7,23
3.7,2013,7,24
3.68,2013,7,25
3.59,2013,7,26
3.49,2013,7,29
3.48,2013,7,30
3.46,2013,7,31
3.44,2013,8,1
3.39,2013,8,2
3.33,2013,8,5
3.35,2013,8,6
3.32,2013,8,7
3.27,2013,8,8
3.32,2013,8,9
3.34,2013,8,12
3.34,2013,8,13
3.36,2013,8,14
3.34,2013,8,15
3.35,2013,8,16
3.46,2013,8,19
3.48,2013,8,20
3.51,2013,8,21
3.52,2013,8,22
3.5,2013,8,23
3.55,2013,8,26
3.5,2013,8,27
3.54,2013,8,28
3.58,2013,8,29
3.57,2013,8,30
3.64,2013,9,3
3.68,2013,9,4
3.7,2013,9,5
3.55,2013,9,6
3.62,2013,9,9
3.65,2013,9,10
3.6,2013,9,11
3.57,2013,9,12
3.6,2013,9,13
3.64,2013,9,16
3.77,2013,9,17
3.72,2013,9,18
3.73,2013,9,19
3.68,2013,9,20
3.66,2013,9,23
3.59,2013,9,24
3.52,2013,9,25
3.49,2013,9,26
3.51,2013,9,27
3.48,2013,9,30
3.56,2013,10,1
3.63,2013,10,2
3.58,2013,10,3
3.57,2013,10,4
3.62,2013,10,7
3.72,2013,10,8
3.7,2013,10,9
3.74,2013,10,10
3.74,2013,10,11
3.82,2013,10,14
3.83,2013,10,15
3.84,2013,10,16
3.75,2013,10,17
3.72,2013,10,18
3.77,2013,10,21
3.7,2013,10,22
3.66,2013,10,23
3.65,2013,10,24
3.69,2013,10,25
3.61,2013,10,28
3.57,2013,10,29
3.55,2013,10,30
3.57,2013,10,31
3.45,2013,11,1
3.38,2013,11,4
3.37,2013,11,5
3.46,2013,11,6
3.59,2013,11,7
3.54,2013,11,8
3.62,2013,11,11
3.69,2013,11,12
3.69,2013,11,13
3.52,2013,11,14
3.56,2013,11,15
3.71,2013,11,18
3.63,2013,11,19
3.63,2013,11,20
3.68,2013,11,21
3.78,2013,11,22
3.85,2013,11,25
3.87,2013,11,26
3.87,2013,11,27
3.87,2013,11,29
3.85,2013,12,2
3.84,2013,12,3
3.89,2013,12,4
3.97,2013,12,5
4.15,2013,12,6
4.24,2013,12,9
4.24,2013,12,10
4.24,2013,12,11
4.4,2013,12,12
4.44,2013,12,13
4.21,2013,12,16
4.2,2013,12,17
4.25,2013,12,18
4.25,2013,12,19
4.35,2013,12,20
4.52,2013,12,23
4.52,2013,12,24
4.4,2013,12,26
4.34,2013,12,27
4.41,2013,12,30
4.31,2013,12,31
4.32,2014,1,2
4.39,2014,1,3
4.5,2014,1,6
4.58,2014,1,7
4.36,2014,1,8
4.15,2014,1,9
3.95,2014,1,10
4.19,2014,1,13
4.36,2014,1,14
4.45,2014,1,15
4.55,2014,1,16
4.39,2014,1,17
4.61,2014,1,21
4.92,2014,1,22
5.64,2014,1,23
5.17,2014,1,24
5.66,2014,1,27
5.25,2014,1,28
5.23,2014,1,29
5.27,2014,1,30
5.04,2014,1,31
5.04,2014,2,3
5.78,2014,2,4
8.12,2014,2,5
6.9,2014,2,6
5.92,2014,2,7
8.15,2014,2,10
7.75,2014,2,11
5.96,2014,2,12
5.34,2014,2,13
5.54,2014,2,14
5.8,2014,2,18
6,2014,2,19
5.96,2014,2,20
6.24,2014,2,21
6.08,2014,2,24
5.21,2014,2,25
4.81,2014,2,26
4.61,2014,2,27
4.8,2014,2,28
7.09,2014,3,3
7.98,2014,3,4
6.46,2014,3,5
4.89,2014,3,6
4.78,2014,3,7
4.67,2014,3,10
4.67,2014,3,11
4.72,2014,3,12
4.41,2014,3,13
4.4,2014,3,14
4.57,2014,3,17
4.42,2014,3,18
4.43,2014,3,19
4.39,2014,3,20
4.33,2014,3,21
4.42,2014,3,24
4.53,2014,3,25
4.44,2014,3,26
4.39,2014,3,27
4.5,2014,3,28
4.48,2014,3,31
4.39,2014,4,1
4.39,2014,4,2
4.51,2014,4,3
4.49,2014,4,4
4.58,2014,4,7
4.57,2014,4,8
4.67,2014,4,9
4.67,2014,4,10
4.67,2014,4,11
4.64,2014,4,14
4.69,2014,4,15
4.64,2014,4,16
4.64,2014,4,17
4.76,2014,4,21
4.76,2014,4,22
4.81,2014,4,23
4.81,2014,4,24
4.83,2014,4,25
4.72,2014,4,28
4.78,2014,4,29
4.79,2014,4,30
4.79,2014,5,1
4.73,2014,5,2
4.73,2014,5,5
4.8,2014,5,6
4.82,2014,5,7
4.77,2014,5,8
4.59,2014,5,9
4.52,2014,5,12
4.47,2014,5,13
4.47,2014,5,14
4.42,2014,5,15
4.42,2014,5,16
4.54,2014,5,19
4.53,2014,5,20
4.57,2014,5,21
4.57,2014,5,22
4.4,2014,5,23
4.4,2014,5,27
4.56,2014,5,28
4.63,2014,5,29
4.49,2014,5,30
4.49,2014,6,2
4.62,2014,6,3
4.62,2014,6,4
4.66,2014,6,5
4.66,2014,6,6
4.67,2014,6,9
4.67,2014,6,10
4.51,2014,6,11
4.51,2014,6,12
4.7,2014,6,13
4.71,2014,6,16
4.68,2014,6,17
4.68,2014,6,18
4.67,2014,6,19
4.53,2014,6,20
4.53,2014,6,23
4.49,2014,6,24
4.58,2014,6,25
4.58,2014,6,26
4.39,2014,6,27
4.39,2014,6,30
4.47,2014,7,1
4.47,2014,7,2
4.31,2014,7,3
4.31,2014,7,7
4.18,2014,7,8
4.17,2014,7,9
4.15,2014,7,10
4.13,2014,7,11
4.13,2014,7,14
4.13,2014,7,15
4.16,2014,7,16
4.04,2014,7,17
4.08,2014,7,18
3.87,2014,7,21
3.81,2014,7,22
3.83,2014,7,23
3.83,2014,7,24
3.86,2014,7,25
3.84,2014,7,28
3.79,2014,7,29
3.78,2014,7,30
3.78,2014,7,31
3.77,2014,8,1
3.87,2014,8,4
3.87,2014,8,5
3.92,2014,8,6
3.99,2014,8,7
3.94,2014,8,8
4,2014,8,11
3.94,2014,8,12
3.9,2014,8,13
3.85,2014,8,14
3.8,2014,8,15
3.78,2014,8,18
3.84,2014,8,19
3.88,2014,8,20
3.88,2014,8,21
3.88,2014,8,22
3.94,2014,8,25
3.99,2014,8,26
4.02,2014,8,27
4.06,2014,8,28
4.04,2014,8,29
4.01,2014,9,2
3.94,2014,9,3
3.91,2014,9,4
3.86,2014,9,5
3.86,2014,9,8
3.93,2014,9,9
3.98,2014,9,10
3.94,2014,9,11
3.82,2014,9,12
3.92,2014,9,15
3.85,2014,9,16
3.97,2014,9,17
3.99,2014,9,18
3.99,2014,9,19
3.88,2014,9,22
3.9,2014,9,23
3.84,2014,9,24
3.89,2014,9,25
3.89,2014,9,26
3.89,2014,9,29
4.14,2014,9,30
4.14,2014,10,1
4,2014,10,2
3.94,2014,10,3
3.89,2014,10,6
3.88,2014,10,7
3.88,2014,10,8
3.87,2014,10,9
3.86,2014,10,10
3.87,2014,10,13
3.91,2014,10,14
3.81,2014,10,15
3.8,2014,10,16
3.73,2014,10,17
3.69,2014,10,20
3.62,2014,10,21
3.69,2014,10,22
3.6,2014,10,23
3.53,2014,10,24
3.56,2014,10,27
3.53,2014,10,28
3.6,2014,10,29
3.76,2014,10,30
3.82,2014,10,31
3.82,2014,11,3
3.67,2014,11,4
3.83,2014,11,5
3.92,2014,11,6
3.92,2014,11,7
4.18,2014,11,10
4.18,2014,11,11
4.2,2014,11,12
4.2,2014,11,13
4.05,2014,11,14
4.26,2014,11,17
4.33,2014,11,18
4.41,2014,11,19
4.41,2014,11,20
4.32,2014,11,21
4.09,2014,11,24
4.09,2014,11,25
4.15,2014,11,26
4.3,2014,11,28
4.3,2014,12,1
3.77,2014,12,2
3.63,2014,12,3
3.63,2014,12,4
3.42,2014,12,5
3.42,2014,12,8
3.63,2014,12,9
3.65,2014,12,10
3.68,2014,12,11
3.91,2014,12,12
3.72,2014,12,15
3.58,2014,12,16
3.72,2014,12,17
3.71,2014,12,18
3.71,2014,12,19
3.05,2014,12,22
2.99,2014,12,23
2.99,2014,12,24
2.74,2014,12,26
3.07,2014,12,29
3.14,2014,12,30
3.14,2014,12,31
3.01,2015,1,2
3.22,2015,1,5
2.98,2015,1,6
3.08,2015,1,7
2.92,2015,1,8
2.96,2015,1,9
2.9,2015,1,12
2.92,2015,1,13
3.15,2015,1,14
3.32,2015,1,15
3.11,2015,1,16
2.94,2015,1,20
2.94,2015,1,21
2.95,2015,1,22
2.96,2015,1,23
2.92,2015,1,26
2.96,2015,1,27
2.89,2015,1,28
2.88,2015,1,29
2.88,2015,1,30
2.88,2015,2,2
2.67,2015,2,3
2.73,2015,2,4
2.66,2015,2,5
2.66,2015,2,6
2.62,2015,2,9
2.67,2015,2,10
2.86,2015,2,11
2.86,2015,2,12
2.75,2015,2,13
2.75,2015,2,17
2.92,2015,2,18
2.92,2015,2,19
3.02,2015,2,20
3.22,2015,2,23
3.22,2015,2,24
3.21,2015,2,25
3.21,2015,2,26
2.79,2015,2,27
2.79,2015,3,2
3,2015,3,3
3.27,2015,3,4
3.27,2015,3,5
2.89,2015,3,6
2.75,2015,3,9
2.76,2015,3,10
2.76,2015,3,11
2.82,2015,3,12
2.72,2015,3,13
2.68,2015,3,16
2.82,2015,3,17
2.8,2015,3,18
2.86,2015,3,19
2.86,2015,3,20
2.72,2015,3,23
2.79,2015,3,24
2.77,2015,3,25
2.77,2015,3,26
2.89,2015,3,27
2.64,2015,3,30
2.65,2015,3,31
2.62,2015,4,1
2.63,2015,4,2
2.63,2015,4,6
2.71,2015,4,7
2.71,2015,4,8
2.72,2015,4,9
2.58,2015,4,10
2.58,2015,4,13
2.58,2015,4,14
2.62,2015,4,15
2.61,2015,4,16
2.67,2015,4,17
2.57,2015,4,20
2.59,2015,4,21
2.63,2015,4,22
2.59,2015,4,23
2.59,2015,4,24
2.5,2015,4,27
2.55,2015,4,28
2.55,2015,4,29
2.56,2015,4,30
2.68,2015,5,1
2.72,2015,5,4
2.76,2015,5,5
2.76,2015,5,6
2.74,2015,5,7
2.78,2015,5,8
2.85,2015,5,11
2.85,2015,5,12
2.85,2015,5,13
2.87,2015,5,14
2.96,2015,5,15
3.01,2015,5,18
3.01,2015,5,19
3.04,2015,5,20
2.96,2015,5,21
2.96,2015,5,22
2.82,2015,5,26
2.82,2015,5,27
2.78,2015,5,28
2.78,2015,5,29
2.78,2015,6,1
2.63,2015,6,2
2.65,2015,6,3
2.6,2015,6,4
2.6,2015,6,5
2.6,2015,6,8
2.72,2015,6,9
2.81,2015,6,10
2.88,2015,6,11
2.88,2015,6,12
2.89,2015,6,15
2.94,2015,6,16
2.93,2015,6,17
2.93,2015,6,18
2.81,2015,6,19
2.79,2015,6,22
2.83,2015,6,23
2.83,2015,6,24
2.8,2015,6,25
2.77,2015,6,26
2.77,2015,6,29
2.8,2015,6,30
2.78,2015,7,1
2.79,2015,7,2
2.79,2015,7,3
2.79,2015,7,6
2.77,2015,7,7
2.77,2015,7,8
2.7,2015,7,9
2.7,2015,7,10
2.88,2015,7,13
2.88,2015,7,14
2.93,2015,7,15
2.9,2015,7,16
2.88,2015,7,17
2.88,2015,7,20
2.84,2015,7,21
2.84,2015,7,22
2.92,2015,7,23
2.92,2015,7,24
2.92,2015,7,27
2.89,2015,7,28
2.91,2015,7,29
2.87,2015,7,30
2.76,2015,7,31
2.76,2015,8,3
2.83,2015,8,4
2.85,2015,8,5
2.76,2015,8,6
2.76,2015,8,7
2.85,2015,8,10
2.84,2015,8,11
2.93,2015,8,12
2.93,2015,8,13
2.83,2015,8,14
2.79,2015,8,17
2.71,2015,8,18
2.77,2015,8,19
2.77,2015,8,20
2.7,2015,8,21
2.65,2015,8,24
2.71,2015,8,25
2.73,2015,8,26
2.69,2015,8,27
2.69,2015,8,28
2.7,2015,8,31
2.7,2015,9,1
2.7,2015,9,2
2.67,2015,9,3
2.67,2015,9,4
2.67,2015,9,7
2.74,2015,9,8
2.74,2015,9,9
2.71,2015,9,10
2.67,2015,9,11
2.7,2015,9,14
2.74,2015,9,15
2.69,2015,9,16
2.69,2015,9,17
2.69,2015,9,18
2.61,2015,9,21
2.61,2015,9,22
2.62,2015,9,23
2.62,2015,9,24
2.6,2015,9,25
2.66,2015,9,28
2.57,2015,9,29
2.47,2015,9,30
2.37,2015,10,1
2.37,2015,10,2
2.34,2015,10,5
2.35,2015,10,6
2.35,2015,10,7
2.35,2015,10,8
2.49,2015,10,9
2.48,2015,10,12
2.47,2015,10,13
2.47,2015,10,14
2.54,2015,10,15
2.42,2015,10,16
2.43,2015,10,19
2.46,2015,10,20
2.37,2015,10,21
2.37,2015,10,22
2.28,2015,10,23
2.18,2015,10,26
2.14,2015,10,27
2.14,2015,10,28
2.15,2015,10,29
1.98,2015,10,30
1.92,2015,11,2
1.92,2015,11,3
2.04,2015,11,4
2.04,2015,11,5
2.19,2015,11,6
2.19,2015,11,9
2.14,2015,11,10
2.13,2015,11,11
2.05,2015,11,12
2.02,2015,11,13
2.02,2015,11,16
2.05,2015,11,17
2.1,2015,11,18
2.1,2015,11,19
2.18,2015,11,20
2.18,2015,11,23
2.14,2015,11,24
2.14,2015,11,25
2.14,2015,11,26
2.14,2015,11,27
2.11,2015,11,30
2.11,2015,12,1
2.19,2015,12,2
2.14,2015,12,3
2.1,2015,12,4
2.06,2015,12,7
2.01,2015,12,8
2,2015,12,9
1.95,2015,12,10
1.79,2015,12,11
1.7,2015,12,14
1.66,2015,12,15
1.7,2015,12,16
1.79,2015,12,17
1.74,2015,12,18
1.76,2015,12,21
1.73,2015,12,22
1.63,2015,12,23
1.63,2015,12,24
1.63,2015,12,25
2.11,2015,12,28
2.39,2015,12,29
2.28,2015,12,30
2.28,2015,12,31
2.28,2016,1,1
2.39,2016,1,4
2.33,2016,1,5
2.37,2016,1,6
2.35,2016,1,7
2.47,2016,1,8
2.54,2016,1,11
2.4,2016,1,12
2.28,2016,1,13
2.21,2016,1,14
2.18,2016,1,15
2.18,2016,1,18
2.23,2016,1,19
2.18,2016,1,20
2.22,2016,1,21
2.21,2016,1,22
2.16,2016,1,25
2.26,2016,1,26
2.26,2016,1,27
2.15,2016,1,28
2.28,2016,1,29
2.28,2016,2,1
2.07,2016,2,2
2.06,2016,2,3
2.07,2016,2,4
2.08,2016,2,5
2.23,2016,2,8
2.17,2016,2,9
2.16,2016,2,10
2.15,2016,2,11
2.08,2016,2,12
2.08,2016,2,15
1.95,2016,2,16
1.93,2016,2,17
1.89,2016,2,18
1.83,2016,2,19
1.86,2016,2,22
1.85,2016,2,23
1.85,2016,2,24
1.78,2016,2,25
1.78,2016,2,26
1.62,2016,2,29
1.57,2016,3,1
1.6,2016,3,2
1.59,2016,3,3
1.49,2016,3,4
1.56,2016,3,7
1.6,2016,3,8
1.61,2016,3,9
1.72,2016,3,10
1.74,2016,3,11
1.68,2016,3,14
1.81,2016,3,15
1.77,2016,3,16
1.84,2016,3,17
1.84,2016,3,18
1.79,2016,3,21
1.79,2016,3,22
1.79,2016,3,23
1.78,2016,3,24
1.78,2016,3,25
1.78,2016,3,28
1.77,2016,3,29
1.87,2016,3,30
1.98,2016,3,31
1.88,2016,4,1
1.96,2016,4,4
1.96,2016,4,5
1.91,2016,4,6
1.96,2016,4,7
1.99,2016,4,8
1.9,2016,4,11
1.97,2016,4,12
2.01,2016,4,13
1.93,2016,4,14
1.71,2016,4,15
1.76,2016,4,18
1.94,2016,4,19
1.94,2016,4,20
1.96,2016,4,21
1.92,2016,4,22
1.97,2016,4,25
1.97,2016,4,26
1.88,2016,4,27
1.88,2016,4,28
1.89,2016,4,29
1.91,2016,5,2
1.94,2016,5,3
2.03,2016,5,4
2.05,2016,5,5
1.86,2016,5,6
2.01,2016,5,9
2.01,2016,5,10
2.01,2016,5,11
2.01,2016,5,12
1.96,2016,5,13
1.91,2016,5,16
1.97,2016,5,17
1.91,2016,5,18
1.83,2016,5,19
1.81,2016,5,20
1.96,2016,5,23
1.91,2016,5,24
1.77,2016,5,25
1.77,2016,5,26
1.77,2016,5,27
1.77,2016,5,30
2.12,2016,5,31
2.25,2016,6,1
2.3,2016,6,2
2.31,2016,6,3
2.32,2016,6,6
2.32,2016,6,7
2.36,2016,6,8
2.34,2016,6,9
2.46,2016,6,10
2.55,2016,6,13
2.55,2016,6,14
2.62,2016,6,15
2.62,2016,6,16
2.59,2016,6,17
2.74,2016,6,20
2.79,2016,6,21
2.82,2016,6,22
2.69,2016,6,23
2.71,2016,6,24
2.79,2016,6,27
2.89,2016,6,28
2.94,2016,6,29
2.94,2016,6,30
2.89,2016,7,1
2.89,2016,7,4
2.82,2016,7,5
2.82,2016,7,6
2.78,2016,7,7
2.8,2016,7,8
2.88,2016,7,11
2.88,2016,7,12
2.81,2016,7,13
2.79,2016,7,14
2.7,2016,7,15
2.83,2016,7,18
2.83,2016,7,19
2.76,2016,7,20
2.76,2016,7,21
2.8,2016,7,22
2.8,2016,7,25
2.84,2016,7,26
2.84,2016,7,27
2.79,2016,7,28
2.97,2016,7,29
2.97,2016,8,1
2.79,2016,8,2
2.89,2016,8,3
2.89,2016,8,4
2.88,2016,8,5
2.85,2016,8,8
2.85,2016,8,9
2.76,2016,8,10
2.7,2016,8,11
2.7,2016,8,12
2.75,2016,8,15
2.75,2016,8,16
2.76,2016,8,17
2.75,2016,8,18
2.67,2016,8,19
2.75,2016,8,22
2.75,2016,8,23
2.82,2016,8,24
2.89,2016,8,25
2.91,2016,8,26
2.97,2016,8,29
2.95,2016,8,30
2.95,2016,8,31
2.95,2016,9,1
2.88,2016,9,2
2.88,2016,9,5
2.88,2016,9,6
2.77,2016,9,7
2.88,2016,9,8
2.93,2016,9,9
3.04,2016,9,12
3.04,2016,9,13
3.07,2016,9,14
2.98,2016,9,15
2.97,2016,9,16
3,2016,9,19
3.12,2016,9,20
3.19,2016,9,21
3.18,2016,9,22
3.06,2016,9,23
3.06,2016,9,26
3.09,2016,9,27
3.07,2016,9,28
2.98,2016,9,29
2.84,2016,9,30
2.84,2016,10,3
2.83,2016,10,4
2.83,2016,10,5
3.04,2016,10,6
3.02,2016,10,7
3.18,2016,10,10
3.17,2016,10,11
3.17,2016,10,12
3.16,2016,10,13
3.18,2016,10,14
3.21,2016,10,17
3.25,2016,10,18
3.18,2016,10,19
3.12,2016,10,20
2.92,2016,10,21
2.78,2016,10,24
2.69,2016,10,25
2.69,2016,10,26
2.72,2016,10,27
2.72,2016,10,28
2.85,2016,10,31
2.53,2016,11,1
2.53,2016,11,2
2.41,2016,11,3
2.2,2016,11,4
2.37,2016,11,7
2.34,2016,11,8
2.22,2016,11,9
2.08,2016,11,10
2.08,2016,11,11
2.26,2016,11,14
2.49,2016,11,15
2.49,2016,11,16
2.37,2016,11,17
2.6,2016,11,18
2.81,2016,11,21
2.73,2016,11,22
2.76,2016,11,23
2.76,2016,11,24
2.76,2016,11,25
2.96,2016,11,28
3.02,2016,11,29
3.32,2016,11,30
3.32,2016,12,1
3.44,2016,12,2
3.44,2016,12,5
3.75,2016,12,6
3.8,2016,12,7
3.68,2016,12,8
3.75,2016,12,9
3.6,2016,12,12
3.65,2016,12,13
3.55,2016,12,14
3.56,2016,12,15
3.51,2016,12,16
3.55,2016,12,19
3.39,2016,12,20
3.5,2016,12,21
3.5,2016,12,22
3.6,2016,12,23
3.6,2016,12,26
3.7,2016,12,27
3.7,2016,12,28
3.71,2016,12,29
3.71,2016,12,30
3.71,2017,1,2
3.41,2017,1,3
3.42,2017,1,4
3.42,2017,1,5
3.38,2017,1,6
3.14,2017,1,9
3.21,2017,1,10
3.27,2017,1,11
3.36,2017,1,12
3.36,2017,1,13
3.36,2017,1,16
3.37,2017,1,17
3.26,2017,1,18
3.25,2017,1,19
3.23,2017,1,20
3.16,2017,1,23
3.16,2017,1,24
3.26,2017,1,25
3.44,2017,1,26
3.31,2017,1,27
3.22,2017,1,30
3,2017,1,31
3.15,2017,2,1
3.13,2017,2,2
3.13,2017,2,3
2.92,2017,2,6
3.03,2017,2,7
3.05,2017,2,8
3.11,2017,2,9
3.11,2017,2,10
2.93,2017,2,13
2.85,2017,2,14
2.95,2017,2,15
2.88,2017,2,16
2.75,2017,2,17
2.75,2017,2,20
2.56,2017,2,21
2.52,2017,2,22
2.63,2017,2,23
2.63,2017,2,24
2.44,2017,2,27
2.54,2017,2,28
2.54,2017,3,1
2.59,2017,3,2
2.5,2017,3,3
2.68,2017,3,6
2.68,2017,3,7
2.59,2017,3,8
2.83,2017,3,9
2.98,2017,3,10
3.04,2017,3,13
3.02,2017,3,14
3.02,2017,3,15
2.84,2017,3,16
2.85,2017,3,17
2.93,2017,3,20
3.09,2017,3,21
3.02,2017,3,22
2.93,2017,3,23
2.97,2017,3,24
2.94,2017,3,27
2.95,2017,3,28
3.03,2017,3,29
3.08,2017,3,30
3.13,2017,3,31
3.13,2017,4,3
3.06,2017,4,4
3.22,2017,4,5
3.23,2017,4,6
3.23,2017,4,7
3.15,2017,4,10
3.11,2017,4,11
2.97,2017,4,12
3,2017,4,13
3,2017,4,14
3.09,2017,4,17
3.11,2017,4,18
3.11,2017,4,19
3.13,2017,4,20
3.06,2017,4,21
3.06,2017,4,24
2.99,2017,4,25
3.06,2017,4,26
3.13,2017,4,27
3.2,2017,4,28
3.2,2017,5,1
3.13,2017,5,2
3.14,2017,5,3
3.11,2017,5,4
3.1,2017,5,5
3.06,2017,5,8
3.03,2017,5,9
3.03,2017,5,10
3.23,2017,5,11
3.24,2017,5,12
3.26,2017,5,15
3.27,2017,5,16
3.27,2017,5,17
3.13,2017,5,18
3.11,2017,5,19
3.24,2017,5,22
3.22,2017,5,23
3.22,2017,5,24
3.1,2017,5,25
3.1,2017,5,26
3.1,2017,5,29
3.1,2017,5,30
3.05,2017,5,31
3.05,2017,6,1
2.85,2017,6,2
2.92,2017,6,5
2.92,2017,6,6
3.06,2017,6,7
2.98,2017,6,8
3.03,2017,6,9
3.12,2017,6,12
3.12,2017,6,13
2.95,2017,6,14
2.94,2017,6,15
3.01,2017,6,16
2.87,2017,6,19
2.91,2017,6,20
2.91,2017,6,21
2.88,2017,6,22
2.89,2017,6,23
2.98,2017,6,26
2.99,2017,6,27
3.03,2017,6,28
3.07,2017,6,29
2.98,2017,6,30
2.98,2017,7,3
2.98,2017,7,4
2.98,2017,7,5
2.89,2017,7,6
2.91,2017,7,7
2.92,2017,7,10
2.98,2017,7,11
3.01,2017,7,12
2.96,2017,7,13
2.94,2017,7,14
3.04,2017,7,17
3.11,2017,7,18
3.11,2017,7,19
3.12,2017,7,20
3.06,2017,7,21
2.99,2017,7,24
2.99,2017,7,25
2.92,2017,7,26
2.95,2017,7,27
2.96,2017,7,28
2.87,2017,7,31
2.8,2017,8,1
2.8,2017,8,2
2.76,2017,8,3
2.76,2017,8,4
2.8,2017,8,7
2.81,2017,8,8
2.81,2017,8,9
2.89,2017,8,10
2.96,2017,8,11
3.02,2017,8,14
2.96,2017,8,15
2.94,2017,8,16
2.91,2017,8,17
2.9,2017,8,18
3,2017,8,21
3,2017,8,22
2.94,2017,8,23
2.97,2017,8,24
2.93,2017,8,25
2.95,2017,8,28
2.95,2017,8,29
2.95,2017,8,30
2.92,2017,8,31
2.88,2017,9,1
2.88,2017,9,4
2.88,2017,9,5
2.98,2017,9,6
2.92,2017,9,7
2.88,2017,9,8
2.88,2017,9,11
2.88,2017,9,12
3.02,2017,9,13
3.03,2017,9,14
3,2017,9,15
3.11,2017,9,18
3.18,2017,9,19
3.13,2017,9,20
3.11,2017,9,21
2.93,2017,9,22
2.96,2017,9,25
2.96,2017,9,26
2.98,2017,9,27
2.96,2017,9,28
2.94,2017,9,29
2.94,2017,10,2
2.73,2017,10,3
2.8,2017,10,4
2.8,2017,10,5
2.93,2017,10,6
2.87,2017,10,9
2.89,2017,10,10
2.89,2017,10,11
2.95,2017,10,12
2.99,2017,10,13
2.87,2017,10,16
2.88,2017,10,17
2.81,2017,10,18
2.83,2017,10,19
2.8,2017,10,20
2.95,2017,10,23
2.95,2017,10,24
2.98,2017,10,25
2.91,2017,10,26
2.78,2017,10,27
2.94,2017,10,30
2.84,2017,10,31
2.68,2017,11,1
2.68,2017,11,2
2.75,2017,11,3
3.01,2017,11,6
3.07,2017,11,7
3.16,2017,11,8
3.18,2017,11,9
3.17,2017,11,10
3.13,2017,11,13
3.06,2017,11,14
3.16,2017,11,15
3.09,2017,11,16
3.04,2017,11,17
3.04,2017,11,20
3.05,2017,11,21
3.05,2017,11,22
3.05,2017,11,23
3.05,2017,11,24
2.88,2017,11,27
2.88,2017,11,28
3.06,2017,11,29
3.06,2017,11,30
2.84,2017,12,1
2.91,2017,12,4
2.86,2017,12,5
2.86,2017,12,6
2.81,2017,12,7
2.78,2017,12,8
2.81,2017,12,11
2.87,2017,12,12
2.87,2017,12,13
2.69,2017,12,14
2.6,2017,12,15
2.71,2017,12,18
2.75,2017,12,19
2.72,2017,12,20
2.64,2017,12,21
2.63,2017,12,22
2.68,2017,12,26
2.76,2017,12,27
2.97,2017,12,28
3.69,2017,12,29
6.24,2018,1,2
6.24,2018,1,3
4.65,2018,1,4
4.18923,2018,1,5
2.89,2018,1,8
2.93,2018,1,9
3.16,2018,1,10
3.16,2018,1,11
4.06,2018,1,12
5.46,2018,1,16
3.92,2018,1,17
3.92,2018,1,18
3.2,2018,1,19
3.13,2018,1,22
3.35,2018,1,23
3.54,2018,1,24
3.54,2018,1,25
3.58,2018,1,26
3.6,2018,1,29
3.6,2018,1,30
3.34,2018,1,31
3.06,2018,2,1
2.91,2018,2,2
2.85,2018,2,5
2.75,2018,2,6
2.74,2018,2,7
2.74,2018,2,8
2.66,2018,2,9
2.6,2018,2,12
2.58,2018,2,13
2.53,2018,2,14
2.49,2018,2,15
2.49,2018,2,16
2.61,2018,2,20
2.65,2018,2,21
2.65,2018,2,22
2.58,2018,2,23
2.6,2018,2,26
2.59,2018,2,27
2.66,2018,2,28
2.67,2018,3,1
2.67,2018,3,2
2.7,2018,3,5
2.7,2018,3,6
2.8,2018,3,7
2.8,2018,3,8
2.71,2018,3,9
2.78,2018,3,12
2.76,2018,3,13
2.69,2018,3,14
2.7,2018,3,15
2.62,2018,3,16
2.62,2018,3,19
2.71,2018,3,20
2.74,2018,3,21
2.62,2018,3,22
2.58,2018,3,23
2.63,2018,3,26
2.6,2018,3,27
2.64,2018,3,28
2.81,2018,3,29
2.75,2018,4,2
2.75,2018,4,3
2.81,2018,4,4
2.81,2018,4,5
2.81,2018,4,6
2.78,2018,4,9
2.78,2018,4,10
2.74,2018,4,11
2.76,2018,4,12
2.82,2018,4,13
2.88,2018,4,16
2.84,2018,4,17
2.85,2018,4,18
2.8,2018,4,19
2.78,2018,4,20
2.78,2018,4,23
2.79,2018,4,24
2.81,2018,4,25
2.81,2018,4,26
2.82,2018,4,27
2.75,2018,4,30
2.75,2018,5,1
2.77,2018,5,2
2.75,2018,5,3
2.75,2018,5,4
2.74,2018,5,7
2.77,2018,5,8
2.75,2018,5,9
2.78,2018,5,10
2.75,2018,5,11
2.84,2018,5,14
2.83,2018,5,15
2.85,2018,5,16
2.75,2018,5,17
2.75,2018,5,18
2.77,2018,5,21
2.76,2018,5,22
2.89,2018,5,23
2.88,2018,5,24
2.88,2018,5,25
2.84,2018,5,29
2.83,2018,5,30
2.94,2018,5,31
2.91,2018,6,1
2.89,2018,6,4
2.89,2018,6,5
2.89,2018,6,6
3.02,2018,6,7
2.91,2018,6,8
3,2018,6,11
2.98,2018,6,12
2.98,2018,6,13
2.99,2018,6,14
3.02,2018,6,15
2.99,2018,6,18
2.95,2018,6,19
2.96,2018,6,20
3.08,2018,6,21
2.95,2018,6,22
2.96,2018,6,25
2.98,2018,6,26
3.01,2018,6,27
2.99,2018,6,28
2.96,2018,6,29
2.9,2018,7,2
2.9,2018,7,3
2.91,2018,7,5
2.91,2018,7,6
2.9,2018,7,9
2.9,2018,7,10
2.89,2018,7,11
2.89,2018,7,12
2.86,2018,7,13
2.76,2018,7,16
2.81,2018,7,17
2.8,2018,7,18
2.75,2018,7,19
2.79,2018,7,20
2.79,2018,7,23
2.73,2018,7,24
2.82,2018,7,25
2.82,2018,7,26
2.78,2018,7,27
2.75,2018,7,30
2.82,2018,7,31
2.8,2018,8,1
2.77,2018,8,2
2.86,2018,8,3
2.85,2018,8,6
2.95,2018,8,7
2.99,2018,8,8
3.02,2018,8,9
2.96,2018,8,10
2.92,2018,8,13
3.02,2018,8,14
3.02,2018,8,15
3.02,2018,8,16
3.01,2018,8,17
3.04,2018,8,20
3.01,2018,8,21
3.02,2018,8,22
3.01,2018,8,23
2.99,2018,8,24
2.98,2018,8,27
2.98,2018,8,28
2.96,2018,8,29
2.96,2018,8,30
2.98,2018,8,31
2.96,2018,9,4
3,2018,9,5
2.93,2018,9,6
2.88,2018,9,7
2.9,2018,9,10
2.94,2018,9,11
2.98,2018,9,12
2.94,2018,9,13
2.91,2018,9,14
2.95,2018,9,17
3,2018,9,18
3.11,2018,9,19
3.07,2018,9,20
3.02,2018,9,21
3.04,2018,9,24
3.12,2018,9,25
3.1,2018,9,26
3.05,2018,9,27
3.01,2018,9,28
3.13,2018,10,1
3.14,2018,10,2
3.26,2018,10,3
3.39,2018,10,4
3.25,2018,10,5
3.28,2018,10,8
3.4,2018,10,9
3.45,2018,10,10
3.16,2018,10,11
3.19,2018,10,12
3.26,2018,10,15
3.27,2018,10,16
3.3,2018,10,17
3.28,2018,10,18
3.2,2018,10,19
3.2,2018,10,22
3.28,2018,10,23
3.42,2018,10,24
3.42,2018,10,25
3.27,2018,10,26
3.2,2018,10,29
3.27,2018,10,30
3.31,2018,10,31
3.36,2018,11,1
3.26,2018,11,2
3.53,2018,11,5
3.53,2018,11,6
3.54,2018,11,7
3.54,2018,11,8
3.74,2018,11,9
3.96,2018,11,12
4.1,2018,11,13
4.1,2018,11,14
4.69,2018,11,15
4.3,2018,11,16
4.65,2018,11,19
4.65,2018,11,20
4.7,2018,11,21
4.28,2018,11,26
4.28,2018,11,27
4.5,2018,11,28
4.5,2018,11,29
4.61,2018,11,30
4.4,2018,12,3
4.4,2018,12,4
4.69,2018,12,5
4.44,2018,12,6
4.51,2018,12,7
4.54,2018,12,10
4.53,2018,12,11
4.53,2018,12,12
4.31,2018,12,13
3.99,2018,12,14
3.8,2018,12,17
3.8,2018,12,18
3.64,2018,12,19
3.7,2018,12,20
3.7,2018,12,21
3.42,2018,12,26
3.1,2018,12,27
3.25,2018,12,28
3.25,2019,1,2
2.72,2019,1,3
2.8,2019,1,4
2.74,2019,1,7
2.89,2019,1,8
2.92,2019,1,9
2.95,2019,1,10
2.95,2019,1,11
3.36,2019,1,14
3.54,2019,1,15
3.58,2019,1,16
3.58,2019,1,17
3.43,2019,1,18
3.43,2019,1,22
3.13,2019,1,23
3.13,2019,1,24
3.07,2019,1,25
3.05,2019,1,28
2.94,2019,1,29
3,2019,1,30
2.82,2019,1,31
2.7,2019,2,1
2.57,2019,2,4
2.54,2019,2,5
2.58,2019,2,6
2.62,2019,2,7
2.66,2019,2,8
2.76,2019,2,11
2.71,2019,2,12
2.61,2019,2,13
2.61,2019,2,14
2.59,2019,2,15
2.69,2019,2,19
2.69,2019,2,20
2.73,2019,2,21
2.74,2019,2,22
2.84,2019,2,25
2.74,2019,2,26
2.89,2019,2,27
2.89,2019,2,28
3.19,2019,3,1
4.25,2019,3,4
3.18,2019,3,5
3.18,2019,3,6
2.9,2019,3,7
2.9,2019,3,8
2.86,2019,3,11
2.83,2019,3,12
2.87,2019,3,13
2.95,2019,3,14
2.95,2019,3,15
2.9,2019,3,18
2.92,2019,3,19
2.86,2019,3,20
2.86,2019,3,21
2.75,2019,3,22
2.72,2019,3,25
2.74,2019,3,26
2.69,2019,3,27
2.69,2019,3,28
2.73,2019,3,29
2.73,2019,4,1
2.76,2019,4,2
2.74,2019,4,3
2.66,2019,4,4
2.62,2019,4,5
2.72,2019,4,8
2.71,2019,4,9
2.72,2019,4,10
2.72,2019,4,11
2.75,2019,4,12
2.75,2019,4,15
2.66,2019,4,16
2.55,2019,4,17
2.54,2019,4,18
2.61,2019,4,22
2.53,2019,4,23
2.53,2019,4,24
2.54,2019,4,25
2.58,2019,4,26
2.58,2019,4,29
2.59,2019,4,30
2.59,2019,5,1
2.63,2019,5,2
2.59,2019,5,3
2.54,2019,5,6
2.54,2019,5,7
2.64,2019,5,8
2.62,2019,5,9
2.64,2019,5,10
2.71,2019,5,13
2.7,2019,5,14
2.69,2019,5,15
2.62,2019,5,16
2.61,2019,5,17
2.7,2019,5,20
2.73,2019,5,21
2.73,2019,5,22
2.56,2019,5,23
2.6,2019,5,24
2.65,2019,5,28
2.69,2019,5,29
2.69,2019,5,30
2.59,2019,5,31
2.5,2019,6,3
2.45,2019,6,4
2.45,2019,6,5
2.4,2019,6,6
2.43,2019,6,7
2.42,2019,6,10
2.41,2019,6,11
2.43,2019,6,12
2.43,2019,6,13
2.37,2019,6,14
2.46,2019,6,17
2.44,2019,6,18
2.43,2019,6,19
2.38,2019,6,20
2.27,2019,6,21
2.31,2019,6,24
2.31,2019,6,25
2.34,2019,6,26
2.32,2019,6,27
2.42,2019,6,28
2.33,2019,7,1
2.3,2019,7,2
2.29,2019,7,3
2.39,2019,7,8
2.41,2019,7,9
2.49,2019,7,10
2.54,2019,7,11
2.54,2019,7,12
2.53,2019,7,15
2.53,2019,7,16
2.44,2019,7,17
2.38,2019,7,18
2.3,2019,7,19
2.33,2019,7,22
2.34,2019,7,23
2.33,2019,7,24
2.26,2019,7,25
2.23,2019,7,26
2.23,2019,7,29
2.22,2019,7,30
2.28,2019,7,31
2.36,2019,8,1
2.12,2019,8,2
2.02,2019,8,5
2.15,2019,8,6
2.18,2019,8,7
2.13,2019,8,8
2.09,2019,8,9
2.21,2019,8,12
2.24,2019,8,13
2.22,2019,8,14
2.19,2019,8,15
2.2,2019,8,16
2.26,2019,8,19
2.35,2019,8,20
2.31,2019,8,21
2.28,2019,8,22
2.15,2019,8,23
2.23,2019,8,26
2.24,2019,8,27
2.24,2019,8,28
2.36,2019,8,29
2.33,2019,8,30
2.39,2019,9,3
2.48,2019,9,4
2.49,2019,9,5
2.49,2019,9,6
2.65,2019,9,9
2.67,2019,9,10
2.63,2019,9,11
2.62,2019,9,12
2.61,2019,9,13
2.75,2019,9,16
2.7,2019,9,17
2.72,2019,9,18
2.65,2019,9,19
2.34,2019,9,20
2.55,2019,9,23
2.55,2019,9,24
2.54,2019,9,25
2.57,2019,9,26
2.41,2019,9,27
2.37,2019,9,30
2.36,2019,10,1
2.36,2019,10,2
2.31,2019,10,3
2.25,2019,10,4
2.36,2019,10,7
2.29,2019,10,8
2.26,2019,10,9
2.26,2019,10,10
2.13,2019,10,11
2.13,2019,10,14
2.29,2019,10,15
2.44,2019,10,16
2.29,2019,10,17
2.08,2019,10,18
2.13,2019,10,21
2.21,2019,10,22
2.34,2019,10,23
2.33,2019,10,24
2.26,2019,10,25
2.49,2019,10,28
2.61,2019,10,29
2.71,2019,10,30
2.73,2019,10,31
2.54,2019,11,1
2.77,2019,11,4
2.77,2019,11,5
2.82,2019,11,6
2.84,2019,11,7
2.87,2019,11,8
2.72,2019,11,12
2.66,2019,11,13
2.68,2019,11,14
2.7,2019,11,15
2.64,2019,11,18
2.53,2019,11,19
2.56,2019,11,20
2.53,2019,11,21
2.62,2019,11,22
2.51,2019,11,25
2.51,2019,11,26
2.46,2019,11,27
2.46,2019,11,29
2.29,2019,12,2
2.42,2019,12,3
2.43,2019,12,4
2.42,2019,12,5
2.31,2019,12,6
2.17,2019,12,9
2.18,2019,12,10
2.28,2019,12,11
2.28,2019,12,12
2.28,2019,12,13
2.34,2019,12,16
2.3,2019,12,17
2.26,2019,12,18
2.21,2019,12,19
2.27,2019,12,20
2.17,2019,12,23
2.11,2019,12,24
2.09,2019,12,26
1.75,2019,12,27
2.06,2019,12,30
2.09,2019,12,31
2.05,2020,1,2
2.06,2020,1,3
2.1,2020,1,6
2.17,2020,1,7
2.09,2020,1,8
2.05,2020,1,9
2.05,2020,1,10
2.03,2020,1,13
2.15,2020,1,14
2.01,2020,1,15
2.06,2020,1,16
2.07,2020,1,17
1.98,2020,1,21
1.89,2020,1,22
1.95,2020,1,23
1.91,2020,1,24
2.03,2020,1,27
1.96,2020,1,28
1.93,2020,1,29
1.94,2020,1,30
1.91,2020,1,31
1.9,2020,2,3
1.89,2020,2,4
1.89,2020,2,5
1.86,2020,2,6
1.93,2020,2,7
1.85,2020,2,10
1.85,2020,2,11
1.91,2020,2,12
1.95,2020,2,13
1.93,2020,2,14
2.04,2020,2,18
2.01,2020,2,19
1.98,2020,2,20
1.96,2020,2,21
1.94,2020,2,24
1.93,2020,2,25
1.96,2020,2,26
1.78,2020,2,27
1.79,2020,2,28
1.79,2020,3,1
1.75,2020,3,2
1.78,2020,3,3
1.83,2020,3,4
1.89,2020,3,5
1.76,2020,3,6
1.76,2020,3,8
1.74,2020,3,9
1.91,2020,3,10
1.96,2020,3,11
1.82,2020,3,12
1.94,2020,3,13
1.94,2020,3,15
1.89,2020,3,16
1.89,2020,3,17
1.73,2020,3,18
1.68,2020,3,19
1.76,2020,3,20
1.76,2020,3,22
1.7,2020,3,23
1.73,2020,3,24
1.8,2020,3,25
1.73,2020,3,26
1.7,2020,3,27
1.7,2020,3,29
1.65,2020,3,30
1.71,2020,3,31
1.69,2020,4,1
1.55,2020,4,2
1.5,2020,4,3
1.64,2020,4,6
1.83,2020,4,7
1.86,2020,4,8
1.74,2020,4,9
1.86,2020,4,13
1.76,2020,4,14
1.68,2020,4,15
1.59,2020,4,16
1.71,2020,4,17
1.78,2020,4,20
1.92,2020,4,21
1.9,2020,4,22
1.86,2020,4,23
1.81,2020,4,24
1.68,2020,4,27
1.8,2020,4,28
1.73,2020,4,29
1.63,2020,4,30
1.69,2020,5,1
1.78,2020,5,4
1.93,2020,5,5
1.9,2020,5,6
1.84,2020,5,7
1.74,2020,5,8
1.7,2020,5,11
1.61,2020,5,12
1.56,2020,5,13
1.6,2020,5,14
1.66,2020,5,15
1.77,2020,5,18
1.85,2020,5,19
1.83,2020,5,20
1.75,2020,5,21
1.7,2020,5,22
1.79,2020,5,26
1.78,2020,5,27
1.79,2020,5,28
1.7,2020,5,29
1.59,2020,6,1
1.58,2020,6,2
1.84,2020,6,3
1.68,2020,6,4
1.8,2020,6,5
1.68,2020,6,8
1.68,2020,6,9
1.72,2020,6,10
1.77,2020,6,11
1.67,2020,6,12
1.64,2020,6,15
1.43,2020,6,16
1.55,2020,6,17
1.51,2020,6,18
1.49,2020,6,19
1.64,2020,6,22
1.61,2020,6,23
1.64,2020,6,24
1.53,2020,6,25
1.42,2020,6,26
1.67,2020,6,29
1.76,2020,6,30
1.69,2020,7,1
1.71,2020,7,6
1.76,2020,7,7
1.78,2020,7,8
1.88,2020,7,9
1.79,2020,7,10
1.75,2020,7,13
1.74,2020,7,14
1.76,2020,7,15
1.79,2020,7,16
1.79,2020,7,17
1.71,2020,7,20
1.66,2020,7,21
1.69,2020,7,22
1.75,2020,7,23
1.77,2020,7,24
1.85,2020,7,27
1.83,2020,7,28
1.77,2020,7,29
1.81,2020,7,30
1.83,2020,7,31
1.95,2020,8,3
2.07,2020,8,4
2.23,2020,8,5
2.26,2020,8,6
2.15,2020,8,7
2.18,2020,8,10
2.19,2020,8,11
